--
-- PostgreSQL database dump
--

-- Dumped from database version 9.6.16
-- Dumped by pg_dump version 9.6.16

SET statement_timeout = 0;
SET lock_timeout = 0;
SET idle_in_transaction_session_timeout = 0;
SET client_encoding = 'UTF8';
SET standard_conforming_strings = on;
SELECT pg_catalog.set_config('search_path', '', false);
SET check_function_bodies = false;
SET xmloption = content;
SET client_min_messages = warning;
SET row_security = off;

--
-- Name: plpgsql; Type: EXTENSION; Schema: -; Owner: 
--

CREATE EXTENSION IF NOT EXISTS plpgsql WITH SCHEMA pg_catalog;


--
-- Name: EXTENSION plpgsql; Type: COMMENT; Schema: -; Owner: 
--

COMMENT ON EXTENSION plpgsql IS 'PL/pgSQL procedural language';


--
-- Name: failed_login(integer); Type: FUNCTION; Schema: public; Owner: autostorage
--

CREATE FUNCTION public.failed_login(a integer) RETURNS void
    LANGUAGE sql
    AS $$
UPDATE users SET failed_logins=(SELECT failed_logins FROM users WHERE id=a)+1 WHERE id=a
$$;


ALTER FUNCTION public.failed_login(a integer) OWNER TO autostorage;

--
-- Name: has_too_many_failed_logins(integer); Type: FUNCTION; Schema: public; Owner: autostorage
--

CREATE FUNCTION public.has_too_many_failed_logins(a integer) RETURNS boolean
    LANGUAGE sql
    AS $$
SELECT (failed_logins > 10) FROM users WHERE id=a
$$;


ALTER FUNCTION public.has_too_many_failed_logins(a integer) OWNER TO autostorage;

--
-- Name: reset_failed_logins(integer); Type: FUNCTION; Schema: public; Owner: autostorage
--

CREATE FUNCTION public.reset_failed_logins(a integer) RETURNS void
    LANGUAGE sql
    AS $$
UPDATE users SET failed_logins=0 WHERE id=a
$$;


ALTER FUNCTION public.reset_failed_logins(a integer) OWNER TO autostorage;

--
-- Name: liabilities_id; Type: SEQUENCE; Schema: public; Owner: autostorage
--

CREATE SEQUENCE public.liabilities_id
    START WITH 1
    INCREMENT BY 1
    NO MINVALUE
    NO MAXVALUE
    CACHE 1;


ALTER TABLE public.liabilities_id OWNER TO autostorage;

SET default_tablespace = '';

SET default_with_oids = false;

--
-- Name: liabilities; Type: TABLE; Schema: public; Owner: autostorage
--

CREATE TABLE public.liabilities (
    user_id integer NOT NULL,
    type character varying(64) NOT NULL,
    value money NOT NULL,
    state character varying(64) NOT NULL,
    id integer DEFAULT nextval('public.liabilities_id'::regclass) NOT NULL,
    date bigint,
    item_name character varying(128)
);


ALTER TABLE public.liabilities OWNER TO autostorage;

--
-- Name: operation_id; Type: SEQUENCE; Schema: public; Owner: autostorage
--

CREATE SEQUENCE public.operation_id
    START WITH 1
    INCREMENT BY 1
    MINVALUE 0
    NO MAXVALUE
    CACHE 1;


ALTER TABLE public.operation_id OWNER TO autostorage;

--
-- Name: operations; Type: TABLE; Schema: public; Owner: autostorage
--

CREATE TABLE public.operations (
    id integer DEFAULT nextval('public.operation_id'::regclass) NOT NULL,
    type character varying(64) NOT NULL,
    status character varying(64) DEFAULT 'waiting'::character varying NOT NULL,
    time_added bigint NOT NULL,
    code numeric NOT NULL,
    destination integer DEFAULT 0,
    address integer DEFAULT 0,
    item_name character varying(128) DEFAULT 0 NOT NULL,
    owner_id integer DEFAULT 0 NOT NULL
);


ALTER TABLE public.operations OWNER TO autostorage;

--
-- Name: storageunits; Type: TABLE; Schema: public; Owner: autostorage
--

CREATE TABLE public.storageunits (
    address integer NOT NULL,
    owner_id integer,
    name character varying(128),
    time_purchased bigint,
    description character varying(256),
    status character varying(32) DEFAULT 'vacant'::character varying NOT NULL,
    operation_code numeric
);


ALTER TABLE public.storageunits OWNER TO autostorage;

--
-- Name: user_id; Type: SEQUENCE; Schema: public; Owner: autostorage
--

CREATE SEQUENCE public.user_id
    START WITH 1
    INCREMENT BY 1
    MINVALUE 0
    NO MAXVALUE
    CACHE 1;


ALTER TABLE public.user_id OWNER TO autostorage;

--
-- Name: users; Type: TABLE; Schema: public; Owner: autostorage
--

CREATE TABLE public.users (
    id integer DEFAULT nextval('public.user_id'::regclass) NOT NULL,
    first_name character varying(128) NOT NULL,
    last_name character varying(128) NOT NULL,
    username character varying(128) NOT NULL,
    password character varying(256) NOT NULL,
    email character varying(128) NOT NULL,
    failed_logins integer DEFAULT 0 NOT NULL,
    token character varying(128),
    address character varying(256),
    profile_picture character varying(100000) DEFAULT 'iVBORw0KGgoAAAANSUhEUgAAAV4AAAFeBAMAAAA/BWopAAAAGFBMVEXn5+dUWFn////19fXb29vi4uJFSUqWmJlAL7LBAAAcTElEQVR42rScTXPbOBKGEUrYXMPMDH1VSHt8dUh5c1VsKnNFxdQPUFXGvibOlv33F0A3PgmAlAUqFzOS4daL7gb6YYOkhteGwOv8y9t/Xn+V4vX62j9kHVle2u8wZl9S592D/Xv8g9bllbygVLzz+qt6fDxKex/5Dxev35uOv8esoSh1THCHgivq2HsY2dtIE+gBLlthETkciDC/gQ8emPw2DYx64H+UEgpX9Q1/i4pRt6/c2NJ+cZNf++6Wf57AwGIoccVwqM2B8ZGYGUp8m8PBWMXEn4YrYRX82ErTD2Bv20oV+MfEqGAvlfKSplX2ChEOcNWBCith7bH0X/z/Xu87KUyHQ0kNm8YaiuBQ7Q0MzJS98kpa1bRG307+KAbiH2w6pYJ4t21BBbCwg3FumZhFiiq04nfJzT9lwFq0+H8rPlRjhuK/3YGFt8J4pobqpHscwAE6UHEAezvjD8LCDaPDHlSQs0Z7IS9pYNgrfsWnfFD2SuOHPcjbbihZ3f6KWAtu8fpwU5uhhKA41Fb4BjFDiYH7nbaXe0MvnQBVlK7RgQPIgeCNesONF2GBKmx30sK+BRVuhKBDD6N2/HdX21+PZeJVPV7cw8D1di/l7dGXwAF6BgMLM4jQTVtFuPFi1lFFZkzvhbxMq7ATNq3hqtlKTZQKMGv88/JvcBVW71+S5gqFj3e1PVSvh5LyWoLSfg+CSnvXoGLXYXBqBxBvcEXRAbY9qACadLci1/F5AhXkrA09U77UvK+O5dSrAoPlUMImPRSTM6u+uhgY3NKoaNzyYBxAyssjCgWVDrBWDrABTbQDUCmvUuF6hrlocAMOsAYHkL5EXAeg4ACNUVG4JfqStFf+eAnyrlHQrQha0tsOgGGgVWBKhctZ5oLBaijbAdYqoqS9Ul7tACCvUlEkk7rVYeBGlFahQRV6UAGSn5wO+TeuXuaZyw1+Khrbl2AoPy/tLAe4BHkH45a41IkwoE4Y6IjCWZMDWSrI1UT8xV9zzeUGX7QwlB1RVM6scgCQVzvAXkS9o2JtTHfCgLC1iagNdcOAmjD4+ljOfz3+KYZaG18SX30PDmDnJWrykqui2j9w06kTUURFlJo1MZClggqD61PM5QY/b0BePRQd5SXq5CU5s1Zekq9+X6D/4/pS4HRhYBXo/yhGgctIz7ZVedqLx1yDQ/UwFJiG6ekeZ55B/HxH+SD7C6tkmuUTVODMY2AVOF0oRoFfH9PLA379/c3L8UR7qwv86kIVruQKZx4D6x5nPqQiA3uJyFviRzkQhZkvcLowsJQKUl5GlAoPX081l3vET0igIC/VX11ue/o7nHm5uIKK4k/jKl3In6T/F7gug7y0sFTgBloqUK1C057sDegRcig5sOUAMn4K5QCQngpcRsBGKvXVpoOgME8xB4B5QhVOSWWWR/wph4K81aMDtBhYBa5IRKsodWMQOOgPYLp2ACcMgipAGLQn5gaTI8Rvy4ExooQDQHrSDgDpyVJR/OmibnH5Fhmg1Q4wJwy4vC9vMpcvc3qoIZ6X1sG8JPxhYJYDCHl5zXRvHEBE4J2jAiST9vpYvtHgZ+kAzOSlNpyXmLIKk/RKfA5KnUIJChuzWBjAYipVaN4orxC4tVOqnFk/L0HgFI2Vl4jIS0SUn1REVKvCgCXDYMAwaD+/VV7uwR/qGuR1FiYrL0nvpYG8hGBBR9TOWlj4l/PCgKow4PJW5Rkv+Op+XnIXJhrKS+J/qRNRYmb2jgOEludz5OUe8dGkVCsv0fjyTFFFtYEwC4tMcGp5pl4YwDwVb08O+HqqJ/MSDeYlAvW02VlQFVGYBwPLswjO6+NZ9j4+38CU23mJW3hvO0AoLxHc91oRRUfLMzHLM4bBmfLyFHHjbPUwL7n7Mycv4fJMYhXPeJcqIJLa9n85T16Rg6MVDyF22WCqZ4tHteOKxy38ver54du59pY/mrl1o102EF3ysmjFgxDJVM/Ndluda255LCbqRmkV9apnGiv8B7fwd1Xo3p0tL+x6ghXP2nEAp3oGwhso/K8gsNy6b61UaF7ONlfuegJ1Iw3wKFM9WzzKL/xhGemC1fP1+fJyge88IIkkJlU9C3uRSA+wcwg7AKqgwuBzDnurP6QD0BCJYeHq+VKiYFP4ExtI+oW/FQYZ3EGucdN5abDzUi3YZo2C9kDMIoU/tSFSFncQDhEHkrWXl1rNyRWPcok0YNne4VE6DD7nsbf6UI9JzDqQl4iyytgrgCQlNpAkcSCZxx2EQ6i8RJ2FKcKjmhGPshcWFl2eL4+Z7BUZYoMbMwtI0uTyPI6oKJBEFT7lspfvgiEv0WReslSkeP9tvLCElmdUIZc7lOXFiXlJ73dsxD8BJOumymbvsVVAcogDSXd5JqcBSf4dvhyz2Vv9ngaSyKMo4hNyEpDkH1x9zWjvn+tJIGlVzwx4X6DwjwFJ/sFVPvflGW09CSSd6rlWZTWbBSSFCtsqo73H3RhINg6QtKker3ORR5F5QFJUzxndVzjwFJC0qmehYg3365lT+NMIkJTV87us9n6YAJJW9SxURB7F/00W/qhCkdN9uQO3E0DS5CWhouZR04W/urtRZbX3OCYxDpBUKsLuRthLZWfDHCAJKhyz2lvd2XmJBoCkoXrU5lHTQFIMRMn7zPY+20AywaOo5lGQ+aaBpFSBfM1s78ckkHRVxPWCmYUlAiQNlmV5w40HXDMBJFVeUjwKgYqOKBYAkiY7syq7vVN5yb9fyJz7hSEgabDssM5sLt6NS+WlDlS09jvrCSBphcGXY2Z7q+cJIKn3Z4woPjkDSML6MrTX2e39YwJIutUzmwkkVTvP37n9ofwQbefpxlRP9nPNAZJQBOzrb9nt/XGTBJKAnex+Ls2jEkBSY9mX7PY+bVTF0wWApFc9H3Qb5lWi8Bd1HyTAuspu79HUjQEgCfterSKz+rlSQFJ2r/KBNmX+1/0wu50n1c/lAEnJz/gnLo/Zza3ue7/P1AKSYxVj/VxEdbXZWPZ6AXt/mtYwDSSJk5dsquf1c4WBpG6Q+7SAvX8d4kAyQPXqGUBStC/L9PFpAf/9i8SB5KjblpE5HZIYBmz13wXs5QmYxYEk9ajeafcL8y8XZSUWjLn3CxmZAyQxDFheVqIXjJs0kOwD9wsjHZLE6xN9WMReyUKjQJIG+tfTQFI3ndNdtYC9xw2Jdm7rxl2zP4OFK1X4mzKlXcLeMgkkvXaeWvdzRYGkVfc1S5h7bJsEkHSq56KtCR5kiQNJyicAq+cltg9lWSSApK0iFSpyd4gX/k2H+14sUy6X8IfqLgEkLarHLB7FEkDSqp4X2O5IexNA0m8zlEe9WApI6jBYzN4EkDQqMuRRlMQ7JG0sK9LL9SL2PieApNvO8x37lZNAUmFZcdJiOXtdINkZIIkqMqR68mvEgSRV2VmuLwvq6wDJ2gKSQPWIonokDSTduxvL2TvmUS7VY4rqyTcSQJLafaLL2RsAkoyGTgHAG3EgCZkP8+Bi9rpAsnF5lE31xvcLXSBJneV5MXtHeYlKecdUb3y/0AWSamFpF7U3mJeGvXPXdYf3NyeAJNzXRbdayl4HSDYOkHQPwzS1e8B0BCRdfPJlEXt/p4Bk7/ZzmWPBE+cLZRZZRN/y96iPgZLJ84UxIGlOhfKBtovou1vsfOG6XMTeEZCkbzhf6Bb+kEW2i9Rvex9IUr9unHW+UO4c3DCgi9RvOx9IEhufkOT5Qh9IutXzahF9yRhI2ueePaqXBpK68JdhsAgvKTdpIOmd0kwCSWbwiVhfluI7LA4kfao3PmDqAEl9/B/Wl6V4VBxIulSPkjSQNO3WsvxbgvfJG0QWkEyfe6bBI9uR5Zke/rOAvf9SF0gyGm8zdPvXx0CSqjwIxwz3S/D1Dzd2Xgqee3bvFzZxIDmY4/9yoCXuX/z27hfScV4KPf8hCCStMJDH1ZaxN3yAoRvfL5QPZ3HOF9bpczwLbHiquySQtNt5qOrnigJJv51nvcD9zdYCksQHkqOyQfGzMJCs8cEqqu5bYkG2gSQdA0lz+jtwvtAHklbhLwdaYIF7ip4vZHPPF8aP/6/yLxj/Niedew6cL7SA5Kid513ugKs+OucLPSBpU721OV8YBZKjMHif3d7nOXnJOl8I8kaApC78FZbNby8+RigKJEFFpqge8Qp/F0iOjv9nT2h4bC8OJL1uW0hYMSA54vLZE8STzksRINn4z3+AB+CEgaTi8rrbNnuC+GHyUhhIOlQP+VkUSOJTMKxu28wJQhxxSQJJr9u2RnkjQBKWZzqY5TkzkgJYnQCS3vKs+u1ZGEjCUzCoeQpGbgQh2ycTQNLrtjX7nTCQDPSJLta/TlN5SXfbKn4WBpKB2+ZZA676MQEkUT7rOXzO+UILSMYez5S3JPo4ASRj5wsDQNIp/KmunrPeg6vu0kDSOffsnS8kfiNK+IFnWVsSjzOAZOx8IZ15vvBb1tViCkiOqF4SSPphIIzP6cAfZwDJwPnCKJB0jv+jChkd+PFuBpAcRs9/iAPJULt185JxszMDSNpUj5E0kAwes/12zJZ9ZwDJIfY80hCQDLZbZ4Mm1fMkkPSpnvU80hCQtJ9HqrvarnJlNIEeZualZsSjgkByCIVB+5LNHUIdkrG85D2PNAgkg2GQ6xCGcIfIuWfneaTUqOg+jzQAJPVjee0wuHrM4w5FqEMympfU/cImCiR1GLReGGR6XkWoQ3J8/N9bnimbKPzp6Lb5Q5Yi4/HnMOeBZ147z2nnC1GMLkeGOO5CHZKxsoEh1YPzhVEgGWznYasMS0Z1sQ53SNpActzOA+cLh3jh77bzQBYpMmSI6ufgn3tm4fOFjfs80iSQjLTznB9x1ROd/SDG/1d3PW9t61jUxfGwxR1G3lI7HbYeOwzblCRkq1Jn3lrfMMoWSpr8+2P9sC3JkqxAm8j+3qK0r83hcnUtHd17jnh6pvOFlfN8IRP3XhQfllwB1xP60RZCUtvOc+R8YROFD4tWoLkjIZkp84VCo7COkGSy8VIUKLn9wblecB1JQoxmQjJjc8+c1Wv6sG0Hf6iT5Z197B2HH5gO/yAhqbB6TR+2Rf8hUNoauXjeh0oa2GaOhGQm1aVC1H/QEpLKMmiLSXb7kQCjn6kixOhUl55KrkdqISQDRZa3UU8s9ugD4SUjxZELIanUJf19oUhIQpMe6RR/JLwDQoyBqc2Qy2uYCUllGXS3ptm7Mxg8p9IAg4WQ7KVlEGgISUGWF5pled9NrSLSYQ8dCUmlLpnmC1XVfM2Y7XuVeGjtdSMkZ4HiYyHMF0a2g7/q5kGD8c4Aozl0FTyTjw2pos+lJyRl2Tepnef+PUsO7yJxZHuQkGzdPET+zEJIWrpt03fUNJAEAyceiZCMFDePo+YL5dPzZFkcP1AE0LyiGzNnQrLSzxcGtoP/VFoGZbcMjs6IOhuOIyTt84U6QtLczpMevU/D1zdMiLFyJSQrkdULoNvBv4lCIUSBLoPs61EpDLbFUYTk164uDemRMsZMjoJIn/CmJkezmSZ5H0hJhUcQkjKrx/AaCEmob7dWVDCOSGGA35hBEnQnJJu6JPBnhYGQVGR5xW5bydTmErvCfWkSwJmQVOqSwEf17guh8+vZzcIF4B1fUdCdkGzqUtH1rxdySTUtg8isgpG9Yje4DooqCiEppmWq6JEKO4tCXQbQJst7ExwwcoGbHktIzqBw66r0r7clVUNI2k1tpqtyPVAlMNp1PceVMyE5U+sSfwYISXGXCvW71BmwhRijhVOHpH2+ELrMF/JGlCFTm+zGbFiHcfKUaR0YjIQkVFi9oJsvjIYJych8em5NbdJ0rQ8xwNtdahvZthOSimoYm44dJCSF03P9D2nF84p0dogVe8iY+EXu2M/YtUNSISQ/Ml/Ix2wrA7kdlhQxRgiBmPxX/zo5PKTHdUjytDTNFwYO84VtAshuHn1TmzDYLA+vJKqYRDo5LGFZZK4dkpXsY/H++ULZzcNqahOSvzlZ0mde70ZypXN7ciQh2ZsvbPqjLIRkpHfzKHQkUsS/LMssr6g3qawhWbkRkoY2w4LrkToQkjwKsFkGmdnURqrOgdYZpnAlJDV6pNTOdZiQ5PQJJ7cvf6YmUxttSZU7t4vpSxm4EJKKzVSnR2pJAFH3r1kGa7y9cDG1aUqq3LmdTvf4OsyPqkuy/sMwISlEISzrdxlO3E1tOiVOnkuvKMbJj2iYkCwFVq/tX4dWQlKS5SXNltx8FV87m9qondt0wwySee5ASCqsHoXrRkjyZdB6xeJdXg2Z2ihKnKyk8v093i7ywE5IylHk94VyhyQckAsPJ83WEdQ5SK12jyypa9zt2vKj/QuPICTptn8qHODxrx6JlA5pSGbrblcEtg9WQlLj5jFMSBaim0chwq3P578GTs/9E89apLDwdh5ZCMn+sSEYJCSFMVsYFV9l42B2hhwytRE1JNfynpPmMBQJSagQksfOFxatm0edqTeqYyHAzGLVUUMy6x2lcbLI36dHWvV0/2BnRMLCO9EchEHykFlPzwITM9X8fZyE0uB7NKhHmmn0SNtzXyGcngPtuR3Hv8p8wBKWcA5FeguwlhAuK5GJiczj/1+Pmi8sDbwIQIcF3TQZTs8svMHN2nDAA7vISEjKrJ7AR/V5+UAwSCJpFf4FjNxCsqu/JSiSSIqURJivjaRKXWVyW10SoghN/Vx9QjK8t1AM9blnVeZaDUmSS2FZvWJsoS0XubXN0KD/oBKSlVhS7+xEL0kKdkxW73huynJyAHa7922ovyiZ9qcAOv0HGyEZlEPeq/VhPpkXPSkJEqNXMERXgWunNkNZ/wHqjUhoXQn/cqL0ksOK+pfVTxCyjdbBlgldQr1lmvvC0nZfaCUkHa8Gyak4ORzYcXO5ro/KGLuxw1wnvE9ISq/nVv9BQ0iKr+fM/ZYCYfFByPlmw0RIiq/nIAicCMkjp7IAiBF5jutHMxCSyn2hAyFZl7L4jz8AveU6QrI3XzhISAbHu3S/r+kkrMw2BpOmnyvSzRdKhGT47RRw6+c6stsYRFI/l5GQnIHTwI3Rm8t8IUUYmQ/+5f5E4Y3jpHSdLzQTkuHlyeDG+KVwmy+MzITk3f5kcOsl92SwPe/mC1t/aT0fdbLFxgJ8NWQzpe1fFw7+J1tszWtZuij5ITMxTzp/aYmQDF/RSfHWGzWJkOxdlPT0SOUXyz2OT/twW9llX9W10yO1EJL7E8Pl+55em2F7UULhGgnJWxSfHPDPXpuhfF/IXn16QvLk4Y2pYgEjJCe6i5LAtLM4U3hJBlvvCy0kUn6O8NYB3syNU5qB6C+tHPxP+SaWAkzpiMH5wh4heabwEq93xWUI2uYLW0Ly/jzhJYflXKF1LfOFLSEZnim8NMBKt61lvrAhkcKzhZdojFn0SFM9H3W+8NKXnFmP1EBI3p4vvI3m/YAeqXTwP+2+17BNs+qRyoTkife9vX3wk57VU/xxWkIyO2t4qTm9EEUDHyUSkucNb0xcRzTdtlBzX0iX5i06M1ymGm65L5QJyf25wxtv22ZL8b7QQEhO0dnx4ofm1lX1x9EQkt/Oj5dO7Uj2wrI/jnjwvzv7aiMlbSFGUfDHqXodkpfIA7xEWFVi9SLTfGG4j33Au83Fdp4oMM4XznxIB5oQIqsHxflCsRMp/I68wAv+kXd8VMRFPfl8ocSkeJEOpATnmvnCqNcgd488wYtf2ihGgeAvLXci+VB8mxJ80UYx6vRI1Q5JEPvyoP4UQNC76fImHQT1xK7PlLGpwn3h79D6+G3Ps/a+UOyQDHJ/0oHugtX7QtLYLt4XepQOnT092zxCzX2hV+lQvzJ6/oVKV1vqVTrEKFr1+7lSwYjkFnmFF7xY5gvJS+S7X3jj65z2mZrmC73ZOwibSuN8YV0qLj0Lb4wXpCCU2vlCGGy++YaX2E1sjPOFc8/SgW4q5c5tcXC9msT+PQuxcxuK/VyTlXfpS46dTT9Xj4+q5o/+hRc8T6Cej5osQ+BhPiDx0k3Qf4iq1T3yEG/8pvSvd/eFn3zEC67uuk2OpEca7n0Mb5zkOn+cOrw58BIvCqHgXyjMF956mb5x/JNOacJuvpAPcn3xEy/4nDZzz60/TvSj9IFUNySwMKsq+ksDT/GioqdHSqDPPE3f+tTJunaa+cKI8VFfvMX7WZgvpOOQBHr2GPv6EEu7To804tCBt3jrCtyI57F2OQJ9irzFCxaCHmnE+ahbj/G+NSYzTaNXjfc/sb94n3N649LxUTX0vb944+0d46PS7r4wAx7jRXO5fz36LZLJf5aWglz/gfsXfvEZb3zV+hdyPurG5/RliqDSfGHuNV5mCybOF06B13jRhdLP5fVya7quBf7si+d4PyvzhY+x38+z3M+V7j3Hu5X1HzLgOd64kPylp8hzuOBB0H8o0nvf8dK5l07/4Z++pwM1OmT8GWnvfPQe77N0X+h7eWBv5GlzX+h/eYhRIdwXel8eqNFs1vrjXI4A71vU+EsHwacR4L2a8PnCuqh5Xx7IDmLS+EsHF/sR4N1OOn0uMAK8KGjnC2fxGJ5FO184gvJASSmeD5vvI8Jbh3f1bQzpAK4aPmr+OIr8fc65HumP/SjwbvOQ8mebEIwCL8r5feHdOPDGkN8XztAo4IIXfl94Pxa83B/ndiR4f3L+4ctI8H7meP82juUW/5fxJdnjSPA+8/juR4J3y/GOpPzGaGR4Y8ZHTdFY4vuD8lG3Y8ELFptx4X0jfNSI8L5QvP8aDd5r2r/+77GUBzIsUMd3LK830gYxKrwxHW4I9+PBSz1BwLjwXowHL6L8Qzyeh07ujQcuuqjxjuR0TAvag1/zsMN4C+8m9Own5JHFl+C9HBneT+PBiwne7yOK7+c0CL+N6H3x95Hhvarz4XFE+fC/NEi/AzwStBhdE+XE2aH+1RjQHlY56+eavPqOGGOULNr5wjT9SmKM/EUbU3cNQY80m6zJN+HjJpJYTF6wJmVhvjAMovUrwNi/tE12oV6PtLxZ1mnhUZCJIcVhGZatqquo/7CiU3uZN0EmeZDs5mEp2LmI+g9M84h0Ta1f8bkhEwfPZLegctqyvbDkj8NMbYp0cojPGWWSk7Qg6PRI074eaV3g7pbMWvUcOVtXr2UhWAMZ9EgjyScsLO+IteppM4N+2mEVlkIUoUGPNAoknzAi5FaWd2vuYHuK5UUCe1gVZZ7rbKak/nXRZj2TXLbTsl5/JJv/IGZAq2iy+5He0J+5ajNl1yPNZLlwWj3WBxpnjMGfCCuLK/mgO9gzSOr74wTVhimdM3+cCop2LivIdCCLLK+XILMK/j2hRuz7T+o3AsGWq7aa9Ue3di7CfCHpMGE2nhQgm3+64GW5mYZi4okpWYOHxt8YvDPWCLGg1jWLhZVsXyDpO91sLgQ33A2PIkVFMDbzkATTRcoGn6heIiS+s/RHwobrgydWXlIy0pXl1bwi+QFaFyfgnKXc9YmZVsEwLdlGJqMBrT/6gpdTMmXMoph2UYy4nw//ZSoGlMFNyXcFYfDE6wvrDg0K9o/mNepD0hRNlihyqqAmlsxvOk5qnLsldQKrq0Bdk1hAUxpQyANKPjpiOpNNFCPmgtLq99E/YXjZALX4JYmv/GXzp2WakTW8CDbL5ZqAPySJEtTXV/Lbux3x/1oRA8+Cv1B7nwvlLyPpy6j5n/8P6vERrXTt9ZIAAAAASUVORK5CYII='::character varying
);


ALTER TABLE public.users OWNER TO autostorage;

--
-- Data for Name: liabilities; Type: TABLE DATA; Schema: public; Owner: autostorage
--

COPY public.liabilities (user_id, type, value, state, id, date, item_name) FROM stdin;
4	storageunit	$1,620.00	not_paid	1	1583874758256	hhff
4	import	$4.98	not_paid	2	1583875710392	my stock #32472345
4	export	$4.98	not_paid	3	1583875798026	my stock #32472345
4	import	$4.98	not_paid	4	1583875889031	my special stock #32546543
4	import	$4.98	not_paid	5	1583919830371	my stock #34565
4	export	$4.98	not_paid	8	1584033135934	my stock #34565
4	import	$4.98	not_paid	9	1584035286045	asasdasd
4	export	$4.98	not_paid	10	1584035299338	asasdasd
4	import	$4.98	not_paid	11	1584037852375	namename
4	export	$4.98	not_paid	12	1584037871965	namename
4	released storage unit	$137.00	not_paid	13	1584039611975	\N
4	released storage unit	$0.00	not_paid	14	1584651552496	\N
4	released storage unit	$0.00	not_paid	15	1584651555496	\N
4	released storage unit	$0.00	not_paid	16	1584651557065	\N
4	released storage unit	$0.00	not_paid	17	1584651558306	\N
4	released storage unit	$510.00	not_paid	18	1584651559636	\N
4	released storage unit	$0.00	not_paid	19	1584651560680	\N
4	released storage unit	$645.00	not_paid	20	1584651567384	\N
4	released storage unit	$0.00	not_paid	21	1584651570416	\N
4	released storage unit	$0.00	not_paid	22	1584657733109	\N
4	released storage unit	$1,316,602.00	not_paid	23	1585249007490	\N
4	released storage unit	$0.00	not_paid	24	1585249296093	\N
4	import	$4.98	not_paid	25	1585255903868	test stock #1
4	export	$4.98	not_paid	26	1585255974331	test stock #1
\.


--
-- Name: liabilities_id; Type: SEQUENCE SET; Schema: public; Owner: autostorage
--

SELECT pg_catalog.setval('public.liabilities_id', 26, true);


--
-- Name: operation_id; Type: SEQUENCE SET; Schema: public; Owner: autostorage
--

SELECT pg_catalog.setval('public.operation_id', 90, true);


--
-- Data for Name: operations; Type: TABLE DATA; Schema: public; Owner: autostorage
--

COPY public.operations (id, type, status, time_added, code, destination, address, item_name, owner_id) FROM stdin;
54	export	complete	1583874333068	804021	0	12	asdasd	0
55	import	complete	1583874436540	762994	12	0	new asdasd	0
56	export	complete	1583874467405	960953	0	12	new asdasd	0
57	import	complete	1583875142348	922293	10	0	my stock #235722	0
58	export	complete	1583875169936	438578	0	10	my stock #235722	0
59	import	complete	1583875701145	933657	10	0	my stock #32472345	0
60	export	complete	1583875784562	434560	0	10	my stock #32472345	0
61	import	complete	1583875879167	565638	10	0	my special stock #32546543	0
62	import	complete	1583919569437	324695	1010	0	my stock #5645766	0
53	import	complete	1583874247335	314458	12	0	asdasd	0
63	export	complete	1584033099672	200826	0	1010	my stock #34565	4
64	import	complete	1584035275993	1243	1050	0	asasdasd	4
65	export	complete	1584035289635	595381	0	1050	asasdasd	4
66	import	complete	1584037833191	8273637838362621	1010	0	namename	4
67	export	complete	1584037863956	288818	0	1010	namename	4
69	import	canceled	1584206551024	23552	1010	0	my stock #23552	4
68	export	canceled	1584197519436	309326	0	10	my special stock #32546543	4
70	export	canceled	1584208679739	213548	0	10	my special stock #32546543	4
72	import	canceled	1584208895635	24655	2002	0	dfghdfg	4
71	import	canceled	1584208878018	24655	1010	0	namename	4
73	import	canceled	1584209139491	12345	1010	0	asdasd	4
74	import	canceled	1584209170556	12345	2002	0	asdasdadsadadasad	4
75	import	canceled	1584209244446	12345	1010	0	namename	4
76	import	canceled	1584209255206	12345	2002	0	asdasd	4
78	import	canceled	1584210091163	1234	2002	0	qqwrq	4
77	import	canceled	1584210070130	1234	1010	0	asdsdas	4
79	import	canceled	1584210138829	1234	1010	0	asasdas	4
80	import	canceled	1584210159302	1234	2002	0	asdadsdsdddd	4
81	import	canceled	1584210361341	1234	1010	0	namename	4
82	import	canceled	1584210373399	1234	2002	0	assdasd	4
83	import	canceled	1584210748663	1234	1010	0	asdasd	4
84	import	canceled	1584210786478	1234	2002	0	asdas	4
88	import	canceled	1585170789107	6335705	1	0	asdss	4
89	import	complete	1585255266191	2684862	1	0	test stock #1	4
90	export	complete	1585255953543	763443	0	1	test stock #1	4
\.


--
-- Data for Name: storageunits; Type: TABLE DATA; Schema: public; Owner: autostorage
--

COPY public.storageunits (address, owner_id, name, time_purchased, description, status, operation_code) FROM stdin;
9	13	box	1583837325113	time's relative	vacant	\N
2222	0	slot 2	\N	this is a slot	vacant	\N
3333	0	slot 3	\N	this is a slot	procesing	\N
3	11	slot	1583407079545	this is a new empty slot	vacant	\N
4	11	Gahahs	1583407079545	Hshsggahd	vacant	\N
5	11	slot	1583407356430	this is a new empty slot	vacant	\N
7	12	slot	1583426969388	this is a new empty slot	vacant	\N
8	12	slot	1583426971751	this is a new empty slot	vacant	\N
2	12	test	1583426883923	test	vacant	\N
6	7	Agshhssh	1583412436077	Jdhdhdhs	occupied	\N
10	4	my special stock #32546543	1583874812245	20 fire extinguishers class A	occupied	\N
11	-1	storage unit	\N	this is a description	vacant	\N
12	-1	storage unit	\N	this is a description	vacant	\N
1010	-1	storage unit	\N	this is a description	vacant	\N
1111	-1	storage unit	\N	this is a description	vacant	\N
2002	-1	storage unit	\N	this is a description	vacant	\N
1050	-1	storage unit	0	this is a description	vacant	\N
1030	-1	storage unit	0	this is a description	vacant	\N
1	4	storage unit	1584306007405	this is an empty storage unit	vacant	\N
1040	4	storage unit	1586608815594	this is a description	vacant	\N
\.


--
-- Name: user_id; Type: SEQUENCE SET; Schema: public; Owner: autostorage
--

SELECT pg_catalog.setval('public.user_id', 13, true);


--
-- Data for Name: users; Type: TABLE DATA; Schema: public; Owner: autostorage
--

COPY public.users (id, first_name, last_name, username, password, email, failed_logins, token, address, profile_picture) FROM stdin;
2	Georgi	bald	asdfghj	ef797c8118f02dfb649607dd5d3f8c7623048c9c063d532cc95c5ed7a898a64f	gbaldjiev20204@gmail.com	0	\N	\N	iVBORw0KGgoAAAANSUhEUgAAAV4AAAFeBAMAAAA/BWopAAAAGFBMVEXn5+dUWFn////19fXb29vi4uJFSUqWmJlAL7LBAAAcTElEQVR42rScTXPbOBKGEUrYXMPMDH1VSHt8dUh5c1VsKnNFxdQPUFXGvibOlv33F0A3PgmAlAUqFzOS4daL7gb6YYOkhteGwOv8y9t/Xn+V4vX62j9kHVle2u8wZl9S592D/Xv8g9bllbygVLzz+qt6fDxKex/5Dxev35uOv8esoSh1THCHgivq2HsY2dtIE+gBLlthETkciDC/gQ8emPw2DYx64H+UEgpX9Q1/i4pRt6/c2NJ+cZNf++6Wf57AwGIoccVwqM2B8ZGYGUp8m8PBWMXEn4YrYRX82ErTD2Bv20oV+MfEqGAvlfKSplX2ChEOcNWBCith7bH0X/z/Xu87KUyHQ0kNm8YaiuBQ7Q0MzJS98kpa1bRG307+KAbiH2w6pYJ4t21BBbCwg3FumZhFiiq04nfJzT9lwFq0+H8rPlRjhuK/3YGFt8J4pobqpHscwAE6UHEAezvjD8LCDaPDHlSQs0Z7IS9pYNgrfsWnfFD2SuOHPcjbbihZ3f6KWAtu8fpwU5uhhKA41Fb4BjFDiYH7nbaXe0MvnQBVlK7RgQPIgeCNesONF2GBKmx30sK+BRVuhKBDD6N2/HdX21+PZeJVPV7cw8D1di/l7dGXwAF6BgMLM4jQTVtFuPFi1lFFZkzvhbxMq7ATNq3hqtlKTZQKMGv88/JvcBVW71+S5gqFj3e1PVSvh5LyWoLSfg+CSnvXoGLXYXBqBxBvcEXRAbY9qACadLci1/F5AhXkrA09U77UvK+O5dSrAoPlUMImPRSTM6u+uhgY3NKoaNzyYBxAyssjCgWVDrBWDrABTbQDUCmvUuF6hrlocAMOsAYHkL5EXAeg4ACNUVG4JfqStFf+eAnyrlHQrQha0tsOgGGgVWBKhctZ5oLBaijbAdYqoqS9Ul7tACCvUlEkk7rVYeBGlFahQRV6UAGSn5wO+TeuXuaZyw1+Khrbl2AoPy/tLAe4BHkH45a41IkwoE4Y6IjCWZMDWSrI1UT8xV9zzeUGX7QwlB1RVM6scgCQVzvAXkS9o2JtTHfCgLC1iagNdcOAmjD4+ljOfz3+KYZaG18SX30PDmDnJWrykqui2j9w06kTUURFlJo1MZClggqD61PM5QY/b0BePRQd5SXq5CU5s1Zekq9+X6D/4/pS4HRhYBXo/yhGgctIz7ZVedqLx1yDQ/UwFJiG6ekeZ55B/HxH+SD7C6tkmuUTVODMY2AVOF0oRoFfH9PLA379/c3L8UR7qwv86kIVruQKZx4D6x5nPqQiA3uJyFviRzkQhZkvcLowsJQKUl5GlAoPX081l3vET0igIC/VX11ue/o7nHm5uIKK4k/jKl3In6T/F7gug7y0sFTgBloqUK1C057sDegRcig5sOUAMn4K5QCQngpcRsBGKvXVpoOgME8xB4B5QhVOSWWWR/wph4K81aMDtBhYBa5IRKsodWMQOOgPYLp2ACcMgipAGLQn5gaTI8Rvy4ExooQDQHrSDgDpyVJR/OmibnH5Fhmg1Q4wJwy4vC9vMpcvc3qoIZ6X1sG8JPxhYJYDCHl5zXRvHEBE4J2jAiST9vpYvtHgZ+kAzOSlNpyXmLIKk/RKfA5KnUIJChuzWBjAYipVaN4orxC4tVOqnFk/L0HgFI2Vl4jIS0SUn1REVKvCgCXDYMAwaD+/VV7uwR/qGuR1FiYrL0nvpYG8hGBBR9TOWlj4l/PCgKow4PJW5Rkv+Op+XnIXJhrKS+J/qRNRYmb2jgOEludz5OUe8dGkVCsv0fjyTFFFtYEwC4tMcGp5pl4YwDwVb08O+HqqJ/MSDeYlAvW02VlQFVGYBwPLswjO6+NZ9j4+38CU23mJW3hvO0AoLxHc91oRRUfLMzHLM4bBmfLyFHHjbPUwL7n7Mycv4fJMYhXPeJcqIJLa9n85T16Rg6MVDyF22WCqZ4tHteOKxy38ver54du59pY/mrl1o102EF3ysmjFgxDJVM/Ndluda255LCbqRmkV9apnGiv8B7fwd1Xo3p0tL+x6ghXP2nEAp3oGwhso/K8gsNy6b61UaF7ONlfuegJ1Iw3wKFM9WzzKL/xhGemC1fP1+fJyge88IIkkJlU9C3uRSA+wcwg7AKqgwuBzDnurP6QD0BCJYeHq+VKiYFP4ExtI+oW/FQYZ3EGucdN5abDzUi3YZo2C9kDMIoU/tSFSFncQDhEHkrWXl1rNyRWPcok0YNne4VE6DD7nsbf6UI9JzDqQl4iyytgrgCQlNpAkcSCZxx2EQ6i8RJ2FKcKjmhGPshcWFl2eL4+Z7BUZYoMbMwtI0uTyPI6oKJBEFT7lspfvgiEv0WReslSkeP9tvLCElmdUIZc7lOXFiXlJ73dsxD8BJOumymbvsVVAcogDSXd5JqcBSf4dvhyz2Vv9ngaSyKMo4hNyEpDkH1x9zWjvn+tJIGlVzwx4X6DwjwFJ/sFVPvflGW09CSSd6rlWZTWbBSSFCtsqo73H3RhINg6QtKker3ORR5F5QFJUzxndVzjwFJC0qmehYg3365lT+NMIkJTV87us9n6YAJJW9SxURB7F/00W/qhCkdN9uQO3E0DS5CWhouZR04W/urtRZbX3OCYxDpBUKsLuRthLZWfDHCAJKhyz2lvd2XmJBoCkoXrU5lHTQFIMRMn7zPY+20AywaOo5lGQ+aaBpFSBfM1s78ckkHRVxPWCmYUlAiQNlmV5w40HXDMBJFVeUjwKgYqOKBYAkiY7syq7vVN5yb9fyJz7hSEgabDssM5sLt6NS+WlDlS09jvrCSBphcGXY2Z7q+cJIKn3Z4woPjkDSML6MrTX2e39YwJIutUzmwkkVTvP37n9ofwQbefpxlRP9nPNAZJQBOzrb9nt/XGTBJKAnex+Ls2jEkBSY9mX7PY+bVTF0wWApFc9H3Qb5lWi8Bd1HyTAuspu79HUjQEgCfterSKz+rlSQFJ2r/KBNmX+1/0wu50n1c/lAEnJz/gnLo/Zza3ue7/P1AKSYxVj/VxEdbXZWPZ6AXt/mtYwDSSJk5dsquf1c4WBpG6Q+7SAvX8d4kAyQPXqGUBStC/L9PFpAf/9i8SB5KjblpE5HZIYBmz13wXs5QmYxYEk9ajeafcL8y8XZSUWjLn3CxmZAyQxDFheVqIXjJs0kOwD9wsjHZLE6xN9WMReyUKjQJIG+tfTQFI3ndNdtYC9xw2Jdm7rxl2zP4OFK1X4mzKlXcLeMgkkvXaeWvdzRYGkVfc1S5h7bJsEkHSq56KtCR5kiQNJyicAq+cltg9lWSSApK0iFSpyd4gX/k2H+14sUy6X8IfqLgEkLarHLB7FEkDSqp4X2O5IexNA0m8zlEe9WApI6jBYzN4EkDQqMuRRlMQ7JG0sK9LL9SL2PieApNvO8x37lZNAUmFZcdJiOXtdINkZIIkqMqR68mvEgSRV2VmuLwvq6wDJ2gKSQPWIonokDSTduxvL2TvmUS7VY4rqyTcSQJLafaLL2RsAkoyGTgHAG3EgCZkP8+Bi9rpAsnF5lE31xvcLXSBJneV5MXtHeYlKecdUb3y/0AWSamFpF7U3mJeGvXPXdYf3NyeAJNzXRbdayl4HSDYOkHQPwzS1e8B0BCRdfPJlEXt/p4Bk7/ZzmWPBE+cLZRZZRN/y96iPgZLJ84UxIGlOhfKBtovou1vsfOG6XMTeEZCkbzhf6Bb+kEW2i9Rvex9IUr9unHW+UO4c3DCgi9RvOx9IEhufkOT5Qh9IutXzahF9yRhI2ueePaqXBpK68JdhsAgvKTdpIOmd0kwCSWbwiVhfluI7LA4kfao3PmDqAEl9/B/Wl6V4VBxIulSPkjSQNO3WsvxbgvfJG0QWkEyfe6bBI9uR5Zke/rOAvf9SF0gyGm8zdPvXx0CSqjwIxwz3S/D1Dzd2Xgqee3bvFzZxIDmY4/9yoCXuX/z27hfScV4KPf8hCCStMJDH1ZaxN3yAoRvfL5QPZ3HOF9bpczwLbHiquySQtNt5qOrnigJJv51nvcD9zdYCksQHkqOyQfGzMJCs8cEqqu5bYkG2gSQdA0lz+jtwvtAHklbhLwdaYIF7ip4vZHPPF8aP/6/yLxj/Niedew6cL7SA5Kid513ugKs+OucLPSBpU721OV8YBZKjMHif3d7nOXnJOl8I8kaApC78FZbNby8+RigKJEFFpqge8Qp/F0iOjv9nT2h4bC8OJL1uW0hYMSA54vLZE8STzksRINn4z3+AB+CEgaTi8rrbNnuC+GHyUhhIOlQP+VkUSOJTMKxu28wJQhxxSQJJr9u2RnkjQBKWZzqY5TkzkgJYnQCS3vKs+u1ZGEjCUzCoeQpGbgQh2ycTQNLrtjX7nTCQDPSJLta/TlN5SXfbKn4WBpKB2+ZZA676MQEkUT7rOXzO+UILSMYez5S3JPo4ASRj5wsDQNIp/KmunrPeg6vu0kDSOffsnS8kfiNK+IFnWVsSjzOAZOx8IZ15vvBb1tViCkiOqF4SSPphIIzP6cAfZwDJwPnCKJB0jv+jChkd+PFuBpAcRs9/iAPJULt185JxszMDSNpUj5E0kAwes/12zJZ9ZwDJIfY80hCQDLZbZ4Mm1fMkkPSpnvU80hCQtJ9HqrvarnJlNIEeZualZsSjgkByCIVB+5LNHUIdkrG85D2PNAgkg2GQ6xCGcIfIuWfneaTUqOg+jzQAJPVjee0wuHrM4w5FqEMympfU/cImCiR1GLReGGR6XkWoQ3J8/N9bnimbKPzp6Lb5Q5Yi4/HnMOeBZ147z2nnC1GMLkeGOO5CHZKxsoEh1YPzhVEgGWznYasMS0Z1sQ53SNpActzOA+cLh3jh77bzQBYpMmSI6ufgn3tm4fOFjfs80iSQjLTznB9x1ROd/SDG/1d3PW9t61jUxfGwxR1G3lI7HbYeOwzblCRkq1Jn3lrfMMoWSpr8+2P9sC3JkqxAm8j+3qK0r83hcnUtHd17jnh6pvOFlfN8IRP3XhQfllwB1xP60RZCUtvOc+R8YROFD4tWoLkjIZkp84VCo7COkGSy8VIUKLn9wblecB1JQoxmQjJjc8+c1Wv6sG0Hf6iT5Z197B2HH5gO/yAhqbB6TR+2Rf8hUNoauXjeh0oa2GaOhGQm1aVC1H/QEpLKMmiLSXb7kQCjn6kixOhUl55KrkdqISQDRZa3UU8s9ugD4SUjxZELIanUJf19oUhIQpMe6RR/JLwDQoyBqc2Qy2uYCUllGXS3ptm7Mxg8p9IAg4WQ7KVlEGgISUGWF5pled9NrSLSYQ8dCUmlLpnmC1XVfM2Y7XuVeGjtdSMkZ4HiYyHMF0a2g7/q5kGD8c4Aozl0FTyTjw2pos+lJyRl2Tepnef+PUsO7yJxZHuQkGzdPET+zEJIWrpt03fUNJAEAyceiZCMFDePo+YL5dPzZFkcP1AE0LyiGzNnQrLSzxcGtoP/VFoGZbcMjs6IOhuOIyTt84U6QtLczpMevU/D1zdMiLFyJSQrkdULoNvBv4lCIUSBLoPs61EpDLbFUYTk164uDemRMsZMjoJIn/CmJkezmSZ5H0hJhUcQkjKrx/AaCEmob7dWVDCOSGGA35hBEnQnJJu6JPBnhYGQVGR5xW5bydTmErvCfWkSwJmQVOqSwEf17guh8+vZzcIF4B1fUdCdkGzqUtH1rxdySTUtg8isgpG9Yje4DooqCiEppmWq6JEKO4tCXQbQJst7ExwwcoGbHktIzqBw66r0r7clVUNI2k1tpqtyPVAlMNp1PceVMyE5U+sSfwYISXGXCvW71BmwhRijhVOHpH2+ELrMF/JGlCFTm+zGbFiHcfKUaR0YjIQkVFi9oJsvjIYJych8em5NbdJ0rQ8xwNtdahvZthOSimoYm44dJCSF03P9D2nF84p0dogVe8iY+EXu2M/YtUNSISQ/Ml/Ix2wrA7kdlhQxRgiBmPxX/zo5PKTHdUjytDTNFwYO84VtAshuHn1TmzDYLA+vJKqYRDo5LGFZZK4dkpXsY/H++ULZzcNqahOSvzlZ0mde70ZypXN7ciQh2ZsvbPqjLIRkpHfzKHQkUsS/LMssr6g3qawhWbkRkoY2w4LrkToQkjwKsFkGmdnURqrOgdYZpnAlJDV6pNTOdZiQ5PQJJ7cvf6YmUxttSZU7t4vpSxm4EJKKzVSnR2pJAFH3r1kGa7y9cDG1aUqq3LmdTvf4OsyPqkuy/sMwISlEISzrdxlO3E1tOiVOnkuvKMbJj2iYkCwFVq/tX4dWQlKS5SXNltx8FV87m9qondt0wwySee5ASCqsHoXrRkjyZdB6xeJdXg2Z2ihKnKyk8v093i7ywE5IylHk94VyhyQckAsPJ83WEdQ5SK12jyypa9zt2vKj/QuPICTptn8qHODxrx6JlA5pSGbrblcEtg9WQlLj5jFMSBaim0chwq3P578GTs/9E89apLDwdh5ZCMn+sSEYJCSFMVsYFV9l42B2hhwytRE1JNfynpPmMBQJSagQksfOFxatm0edqTeqYyHAzGLVUUMy6x2lcbLI36dHWvV0/2BnRMLCO9EchEHykFlPzwITM9X8fZyE0uB7NKhHmmn0SNtzXyGcngPtuR3Hv8p8wBKWcA5FeguwlhAuK5GJiczj/1+Pmi8sDbwIQIcF3TQZTs8svMHN2nDAA7vISEjKrJ7AR/V5+UAwSCJpFf4FjNxCsqu/JSiSSIqURJivjaRKXWVyW10SoghN/Vx9QjK8t1AM9blnVeZaDUmSS2FZvWJsoS0XubXN0KD/oBKSlVhS7+xEL0kKdkxW73huynJyAHa7922ovyiZ9qcAOv0HGyEZlEPeq/VhPpkXPSkJEqNXMERXgWunNkNZ/wHqjUhoXQn/cqL0ksOK+pfVTxCyjdbBlgldQr1lmvvC0nZfaCUkHa8Gyak4ORzYcXO5ro/KGLuxw1wnvE9ISq/nVv9BQ0iKr+fM/ZYCYfFByPlmw0RIiq/nIAicCMkjp7IAiBF5jutHMxCSyn2hAyFZl7L4jz8AveU6QrI3XzhISAbHu3S/r+kkrMw2BpOmnyvSzRdKhGT47RRw6+c6stsYRFI/l5GQnIHTwI3Rm8t8IUUYmQ/+5f5E4Y3jpHSdLzQTkuHlyeDG+KVwmy+MzITk3f5kcOsl92SwPe/mC1t/aT0fdbLFxgJ8NWQzpe1fFw7+J1tszWtZuij5ITMxTzp/aYmQDF/RSfHWGzWJkOxdlPT0SOUXyz2OT/twW9llX9W10yO1EJL7E8Pl+55em2F7UULhGgnJWxSfHPDPXpuhfF/IXn16QvLk4Y2pYgEjJCe6i5LAtLM4U3hJBlvvCy0kUn6O8NYB3syNU5qB6C+tHPxP+SaWAkzpiMH5wh4heabwEq93xWUI2uYLW0Ly/jzhJYflXKF1LfOFLSEZnim8NMBKt61lvrAhkcKzhZdojFn0SFM9H3W+8NKXnFmP1EBI3p4vvI3m/YAeqXTwP+2+17BNs+qRyoTkife9vX3wk57VU/xxWkIyO2t4qTm9EEUDHyUSkucNb0xcRzTdtlBzX0iX5i06M1ymGm65L5QJyf25wxtv22ZL8b7QQEhO0dnx4ofm1lX1x9EQkt/Oj5dO7Uj2wrI/jnjwvzv7aiMlbSFGUfDHqXodkpfIA7xEWFVi9SLTfGG4j33Au83Fdp4oMM4XznxIB5oQIqsHxflCsRMp/I68wAv+kXd8VMRFPfl8ocSkeJEOpATnmvnCqNcgd488wYtf2ihGgeAvLXci+VB8mxJ80UYx6vRI1Q5JEPvyoP4UQNC76fImHQT1xK7PlLGpwn3h79D6+G3Ps/a+UOyQDHJ/0oHugtX7QtLYLt4XepQOnT092zxCzX2hV+lQvzJ6/oVKV1vqVTrEKFr1+7lSwYjkFnmFF7xY5gvJS+S7X3jj65z2mZrmC73ZOwibSuN8YV0qLj0Lb4wXpCCU2vlCGGy++YaX2E1sjPOFc8/SgW4q5c5tcXC9msT+PQuxcxuK/VyTlXfpS46dTT9Xj4+q5o/+hRc8T6Cej5osQ+BhPiDx0k3Qf4iq1T3yEG/8pvSvd/eFn3zEC67uuk2OpEca7n0Mb5zkOn+cOrw58BIvCqHgXyjMF956mb5x/JNOacJuvpAPcn3xEy/4nDZzz60/TvSj9IFUNySwMKsq+ksDT/GioqdHSqDPPE3f+tTJunaa+cKI8VFfvMX7WZgvpOOQBHr2GPv6EEu7To804tCBt3jrCtyI57F2OQJ9irzFCxaCHmnE+ahbj/G+NSYzTaNXjfc/sb94n3N649LxUTX0vb944+0d46PS7r4wAx7jRXO5fz36LZLJf5aWglz/gfsXfvEZb3zV+hdyPurG5/RliqDSfGHuNV5mCybOF06B13jRhdLP5fVya7quBf7si+d4PyvzhY+x38+z3M+V7j3Hu5X1HzLgOd64kPylp8hzuOBB0H8o0nvf8dK5l07/4Z++pwM1OmT8GWnvfPQe77N0X+h7eWBv5GlzX+h/eYhRIdwXel8eqNFs1vrjXI4A71vU+EsHwacR4L2a8PnCuqh5Xx7IDmLS+EsHF/sR4N1OOn0uMAK8KGjnC2fxGJ5FO184gvJASSmeD5vvI8Jbh3f1bQzpAK4aPmr+OIr8fc65HumP/SjwbvOQ8mebEIwCL8r5feHdOPDGkN8XztAo4IIXfl94Pxa83B/ndiR4f3L+4ctI8H7meP82juUW/5fxJdnjSPA+8/juR4J3y/GOpPzGaGR4Y8ZHTdFY4vuD8lG3Y8ELFptx4X0jfNSI8L5QvP8aDd5r2r/+77GUBzIsUMd3LK830gYxKrwxHW4I9+PBSz1BwLjwXowHL6L8Qzyeh07ujQcuuqjxjuR0TAvag1/zsMN4C+8m9Own5JHFl+C9HBneT+PBiwne7yOK7+c0CL+N6H3x95Hhvarz4XFE+fC/NEi/AzwStBhdE+XE2aH+1RjQHlY56+eavPqOGGOULNr5wjT9SmKM/EUbU3cNQY80m6zJN+HjJpJYTF6wJmVhvjAMovUrwNi/tE12oV6PtLxZ1mnhUZCJIcVhGZatqquo/7CiU3uZN0EmeZDs5mEp2LmI+g9M84h0Ta1f8bkhEwfPZLegctqyvbDkj8NMbYp0cojPGWWSk7Qg6PRI074eaV3g7pbMWvUcOVtXr2UhWAMZ9EgjyScsLO+IteppM4N+2mEVlkIUoUGPNAoknzAi5FaWd2vuYHuK5UUCe1gVZZ7rbKak/nXRZj2TXLbTsl5/JJv/IGZAq2iy+5He0J+5ajNl1yPNZLlwWj3WBxpnjMGfCCuLK/mgO9gzSOr74wTVhimdM3+cCop2LivIdCCLLK+XILMK/j2hRuz7T+o3AsGWq7aa9Ue3di7CfCHpMGE2nhQgm3+64GW5mYZi4okpWYOHxt8YvDPWCLGg1jWLhZVsXyDpO91sLgQ33A2PIkVFMDbzkATTRcoGn6heIiS+s/RHwobrgydWXlIy0pXl1bwi+QFaFyfgnKXc9YmZVsEwLdlGJqMBrT/6gpdTMmXMoph2UYy4nw//ZSoGlMFNyXcFYfDE6wvrDg0K9o/mNepD0hRNlihyqqAmlsxvOk5qnLsldQKrq0Bdk1hAUxpQyANKPjpiOpNNFCPmgtLq99E/YXjZALX4JYmv/GXzp2WakTW8CDbL5ZqAPySJEtTXV/Lbux3x/1oRA8+Cv1B7nwvlLyPpy6j5n/8P6vERrXTt9ZIAAAAASUVORK5CYII=
13	John	Smith	JohnSmith	ef797c8118f02dfb649607dd5d3f8c7623048c9c063d532cc95c5ed7a898a64f	smith@gmail.com	0	MMPUpUH8u4ThMuaDdUJxlzYlzjmU9zGyfRBIsKCxihQduMmSvMbZvZ5xNNPyljcF	\N	iVBORw0KGgoAAAANSUhEUgAAAV4AAAFeBAMAAAA/BWopAAAAGFBMVEXn5+dUWFn////19fXb29vi4uJFSUqWmJlAL7LBAAAcTElEQVR42rScTXPbOBKGEUrYXMPMDH1VSHt8dUh5c1VsKnNFxdQPUFXGvibOlv33F0A3PgmAlAUqFzOS4daL7gb6YYOkhteGwOv8y9t/Xn+V4vX62j9kHVle2u8wZl9S592D/Xv8g9bllbygVLzz+qt6fDxKex/5Dxev35uOv8esoSh1THCHgivq2HsY2dtIE+gBLlthETkciDC/gQ8emPw2DYx64H+UEgpX9Q1/i4pRt6/c2NJ+cZNf++6Wf57AwGIoccVwqM2B8ZGYGUp8m8PBWMXEn4YrYRX82ErTD2Bv20oV+MfEqGAvlfKSplX2ChEOcNWBCith7bH0X/z/Xu87KUyHQ0kNm8YaiuBQ7Q0MzJS98kpa1bRG307+KAbiH2w6pYJ4t21BBbCwg3FumZhFiiq04nfJzT9lwFq0+H8rPlRjhuK/3YGFt8J4pobqpHscwAE6UHEAezvjD8LCDaPDHlSQs0Z7IS9pYNgrfsWnfFD2SuOHPcjbbihZ3f6KWAtu8fpwU5uhhKA41Fb4BjFDiYH7nbaXe0MvnQBVlK7RgQPIgeCNesONF2GBKmx30sK+BRVuhKBDD6N2/HdX21+PZeJVPV7cw8D1di/l7dGXwAF6BgMLM4jQTVtFuPFi1lFFZkzvhbxMq7ATNq3hqtlKTZQKMGv88/JvcBVW71+S5gqFj3e1PVSvh5LyWoLSfg+CSnvXoGLXYXBqBxBvcEXRAbY9qACadLci1/F5AhXkrA09U77UvK+O5dSrAoPlUMImPRSTM6u+uhgY3NKoaNzyYBxAyssjCgWVDrBWDrABTbQDUCmvUuF6hrlocAMOsAYHkL5EXAeg4ACNUVG4JfqStFf+eAnyrlHQrQha0tsOgGGgVWBKhctZ5oLBaijbAdYqoqS9Ul7tACCvUlEkk7rVYeBGlFahQRV6UAGSn5wO+TeuXuaZyw1+Khrbl2AoPy/tLAe4BHkH45a41IkwoE4Y6IjCWZMDWSrI1UT8xV9zzeUGX7QwlB1RVM6scgCQVzvAXkS9o2JtTHfCgLC1iagNdcOAmjD4+ljOfz3+KYZaG18SX30PDmDnJWrykqui2j9w06kTUURFlJo1MZClggqD61PM5QY/b0BePRQd5SXq5CU5s1Zekq9+X6D/4/pS4HRhYBXo/yhGgctIz7ZVedqLx1yDQ/UwFJiG6ekeZ55B/HxH+SD7C6tkmuUTVODMY2AVOF0oRoFfH9PLA379/c3L8UR7qwv86kIVruQKZx4D6x5nPqQiA3uJyFviRzkQhZkvcLowsJQKUl5GlAoPX081l3vET0igIC/VX11ue/o7nHm5uIKK4k/jKl3In6T/F7gug7y0sFTgBloqUK1C057sDegRcig5sOUAMn4K5QCQngpcRsBGKvXVpoOgME8xB4B5QhVOSWWWR/wph4K81aMDtBhYBa5IRKsodWMQOOgPYLp2ACcMgipAGLQn5gaTI8Rvy4ExooQDQHrSDgDpyVJR/OmibnH5Fhmg1Q4wJwy4vC9vMpcvc3qoIZ6X1sG8JPxhYJYDCHl5zXRvHEBE4J2jAiST9vpYvtHgZ+kAzOSlNpyXmLIKk/RKfA5KnUIJChuzWBjAYipVaN4orxC4tVOqnFk/L0HgFI2Vl4jIS0SUn1REVKvCgCXDYMAwaD+/VV7uwR/qGuR1FiYrL0nvpYG8hGBBR9TOWlj4l/PCgKow4PJW5Rkv+Op+XnIXJhrKS+J/qRNRYmb2jgOEludz5OUe8dGkVCsv0fjyTFFFtYEwC4tMcGp5pl4YwDwVb08O+HqqJ/MSDeYlAvW02VlQFVGYBwPLswjO6+NZ9j4+38CU23mJW3hvO0AoLxHc91oRRUfLMzHLM4bBmfLyFHHjbPUwL7n7Mycv4fJMYhXPeJcqIJLa9n85T16Rg6MVDyF22WCqZ4tHteOKxy38ver54du59pY/mrl1o102EF3ysmjFgxDJVM/Ndluda255LCbqRmkV9apnGiv8B7fwd1Xo3p0tL+x6ghXP2nEAp3oGwhso/K8gsNy6b61UaF7ONlfuegJ1Iw3wKFM9WzzKL/xhGemC1fP1+fJyge88IIkkJlU9C3uRSA+wcwg7AKqgwuBzDnurP6QD0BCJYeHq+VKiYFP4ExtI+oW/FQYZ3EGucdN5abDzUi3YZo2C9kDMIoU/tSFSFncQDhEHkrWXl1rNyRWPcok0YNne4VE6DD7nsbf6UI9JzDqQl4iyytgrgCQlNpAkcSCZxx2EQ6i8RJ2FKcKjmhGPshcWFl2eL4+Z7BUZYoMbMwtI0uTyPI6oKJBEFT7lspfvgiEv0WReslSkeP9tvLCElmdUIZc7lOXFiXlJ73dsxD8BJOumymbvsVVAcogDSXd5JqcBSf4dvhyz2Vv9ngaSyKMo4hNyEpDkH1x9zWjvn+tJIGlVzwx4X6DwjwFJ/sFVPvflGW09CSSd6rlWZTWbBSSFCtsqo73H3RhINg6QtKker3ORR5F5QFJUzxndVzjwFJC0qmehYg3365lT+NMIkJTV87us9n6YAJJW9SxURB7F/00W/qhCkdN9uQO3E0DS5CWhouZR04W/urtRZbX3OCYxDpBUKsLuRthLZWfDHCAJKhyz2lvd2XmJBoCkoXrU5lHTQFIMRMn7zPY+20AywaOo5lGQ+aaBpFSBfM1s78ckkHRVxPWCmYUlAiQNlmV5w40HXDMBJFVeUjwKgYqOKBYAkiY7syq7vVN5yb9fyJz7hSEgabDssM5sLt6NS+WlDlS09jvrCSBphcGXY2Z7q+cJIKn3Z4woPjkDSML6MrTX2e39YwJIutUzmwkkVTvP37n9ofwQbefpxlRP9nPNAZJQBOzrb9nt/XGTBJKAnex+Ls2jEkBSY9mX7PY+bVTF0wWApFc9H3Qb5lWi8Bd1HyTAuspu79HUjQEgCfterSKz+rlSQFJ2r/KBNmX+1/0wu50n1c/lAEnJz/gnLo/Zza3ue7/P1AKSYxVj/VxEdbXZWPZ6AXt/mtYwDSSJk5dsquf1c4WBpG6Q+7SAvX8d4kAyQPXqGUBStC/L9PFpAf/9i8SB5KjblpE5HZIYBmz13wXs5QmYxYEk9ajeafcL8y8XZSUWjLn3CxmZAyQxDFheVqIXjJs0kOwD9wsjHZLE6xN9WMReyUKjQJIG+tfTQFI3ndNdtYC9xw2Jdm7rxl2zP4OFK1X4mzKlXcLeMgkkvXaeWvdzRYGkVfc1S5h7bJsEkHSq56KtCR5kiQNJyicAq+cltg9lWSSApK0iFSpyd4gX/k2H+14sUy6X8IfqLgEkLarHLB7FEkDSqp4X2O5IexNA0m8zlEe9WApI6jBYzN4EkDQqMuRRlMQ7JG0sK9LL9SL2PieApNvO8x37lZNAUmFZcdJiOXtdINkZIIkqMqR68mvEgSRV2VmuLwvq6wDJ2gKSQPWIonokDSTduxvL2TvmUS7VY4rqyTcSQJLafaLL2RsAkoyGTgHAG3EgCZkP8+Bi9rpAsnF5lE31xvcLXSBJneV5MXtHeYlKecdUb3y/0AWSamFpF7U3mJeGvXPXdYf3NyeAJNzXRbdayl4HSDYOkHQPwzS1e8B0BCRdfPJlEXt/p4Bk7/ZzmWPBE+cLZRZZRN/y96iPgZLJ84UxIGlOhfKBtovou1vsfOG6XMTeEZCkbzhf6Bb+kEW2i9Rvex9IUr9unHW+UO4c3DCgi9RvOx9IEhufkOT5Qh9IutXzahF9yRhI2ueePaqXBpK68JdhsAgvKTdpIOmd0kwCSWbwiVhfluI7LA4kfao3PmDqAEl9/B/Wl6V4VBxIulSPkjSQNO3WsvxbgvfJG0QWkEyfe6bBI9uR5Zke/rOAvf9SF0gyGm8zdPvXx0CSqjwIxwz3S/D1Dzd2Xgqee3bvFzZxIDmY4/9yoCXuX/z27hfScV4KPf8hCCStMJDH1ZaxN3yAoRvfL5QPZ3HOF9bpczwLbHiquySQtNt5qOrnigJJv51nvcD9zdYCksQHkqOyQfGzMJCs8cEqqu5bYkG2gSQdA0lz+jtwvtAHklbhLwdaYIF7ip4vZHPPF8aP/6/yLxj/Niedew6cL7SA5Kid513ugKs+OucLPSBpU721OV8YBZKjMHif3d7nOXnJOl8I8kaApC78FZbNby8+RigKJEFFpqge8Qp/F0iOjv9nT2h4bC8OJL1uW0hYMSA54vLZE8STzksRINn4z3+AB+CEgaTi8rrbNnuC+GHyUhhIOlQP+VkUSOJTMKxu28wJQhxxSQJJr9u2RnkjQBKWZzqY5TkzkgJYnQCS3vKs+u1ZGEjCUzCoeQpGbgQh2ycTQNLrtjX7nTCQDPSJLta/TlN5SXfbKn4WBpKB2+ZZA676MQEkUT7rOXzO+UILSMYez5S3JPo4ASRj5wsDQNIp/KmunrPeg6vu0kDSOffsnS8kfiNK+IFnWVsSjzOAZOx8IZ15vvBb1tViCkiOqF4SSPphIIzP6cAfZwDJwPnCKJB0jv+jChkd+PFuBpAcRs9/iAPJULt185JxszMDSNpUj5E0kAwes/12zJZ9ZwDJIfY80hCQDLZbZ4Mm1fMkkPSpnvU80hCQtJ9HqrvarnJlNIEeZualZsSjgkByCIVB+5LNHUIdkrG85D2PNAgkg2GQ6xCGcIfIuWfneaTUqOg+jzQAJPVjee0wuHrM4w5FqEMympfU/cImCiR1GLReGGR6XkWoQ3J8/N9bnimbKPzp6Lb5Q5Yi4/HnMOeBZ147z2nnC1GMLkeGOO5CHZKxsoEh1YPzhVEgGWznYasMS0Z1sQ53SNpActzOA+cLh3jh77bzQBYpMmSI6ufgn3tm4fOFjfs80iSQjLTznB9x1ROd/SDG/1d3PW9t61jUxfGwxR1G3lI7HbYeOwzblCRkq1Jn3lrfMMoWSpr8+2P9sC3JkqxAm8j+3qK0r83hcnUtHd17jnh6pvOFlfN8IRP3XhQfllwB1xP60RZCUtvOc+R8YROFD4tWoLkjIZkp84VCo7COkGSy8VIUKLn9wblecB1JQoxmQjJjc8+c1Wv6sG0Hf6iT5Z197B2HH5gO/yAhqbB6TR+2Rf8hUNoauXjeh0oa2GaOhGQm1aVC1H/QEpLKMmiLSXb7kQCjn6kixOhUl55KrkdqISQDRZa3UU8s9ugD4SUjxZELIanUJf19oUhIQpMe6RR/JLwDQoyBqc2Qy2uYCUllGXS3ptm7Mxg8p9IAg4WQ7KVlEGgISUGWF5pled9NrSLSYQ8dCUmlLpnmC1XVfM2Y7XuVeGjtdSMkZ4HiYyHMF0a2g7/q5kGD8c4Aozl0FTyTjw2pos+lJyRl2Tepnef+PUsO7yJxZHuQkGzdPET+zEJIWrpt03fUNJAEAyceiZCMFDePo+YL5dPzZFkcP1AE0LyiGzNnQrLSzxcGtoP/VFoGZbcMjs6IOhuOIyTt84U6QtLczpMevU/D1zdMiLFyJSQrkdULoNvBv4lCIUSBLoPs61EpDLbFUYTk164uDemRMsZMjoJIn/CmJkezmSZ5H0hJhUcQkjKrx/AaCEmob7dWVDCOSGGA35hBEnQnJJu6JPBnhYGQVGR5xW5bydTmErvCfWkSwJmQVOqSwEf17guh8+vZzcIF4B1fUdCdkGzqUtH1rxdySTUtg8isgpG9Yje4DooqCiEppmWq6JEKO4tCXQbQJst7ExwwcoGbHktIzqBw66r0r7clVUNI2k1tpqtyPVAlMNp1PceVMyE5U+sSfwYISXGXCvW71BmwhRijhVOHpH2+ELrMF/JGlCFTm+zGbFiHcfKUaR0YjIQkVFi9oJsvjIYJych8em5NbdJ0rQ8xwNtdahvZthOSimoYm44dJCSF03P9D2nF84p0dogVe8iY+EXu2M/YtUNSISQ/Ml/Ix2wrA7kdlhQxRgiBmPxX/zo5PKTHdUjytDTNFwYO84VtAshuHn1TmzDYLA+vJKqYRDo5LGFZZK4dkpXsY/H++ULZzcNqahOSvzlZ0mde70ZypXN7ciQh2ZsvbPqjLIRkpHfzKHQkUsS/LMssr6g3qawhWbkRkoY2w4LrkToQkjwKsFkGmdnURqrOgdYZpnAlJDV6pNTOdZiQ5PQJJ7cvf6YmUxttSZU7t4vpSxm4EJKKzVSnR2pJAFH3r1kGa7y9cDG1aUqq3LmdTvf4OsyPqkuy/sMwISlEISzrdxlO3E1tOiVOnkuvKMbJj2iYkCwFVq/tX4dWQlKS5SXNltx8FV87m9qondt0wwySee5ASCqsHoXrRkjyZdB6xeJdXg2Z2ihKnKyk8v093i7ywE5IylHk94VyhyQckAsPJ83WEdQ5SK12jyypa9zt2vKj/QuPICTptn8qHODxrx6JlA5pSGbrblcEtg9WQlLj5jFMSBaim0chwq3P578GTs/9E89apLDwdh5ZCMn+sSEYJCSFMVsYFV9l42B2hhwytRE1JNfynpPmMBQJSagQksfOFxatm0edqTeqYyHAzGLVUUMy6x2lcbLI36dHWvV0/2BnRMLCO9EchEHykFlPzwITM9X8fZyE0uB7NKhHmmn0SNtzXyGcngPtuR3Hv8p8wBKWcA5FeguwlhAuK5GJiczj/1+Pmi8sDbwIQIcF3TQZTs8svMHN2nDAA7vISEjKrJ7AR/V5+UAwSCJpFf4FjNxCsqu/JSiSSIqURJivjaRKXWVyW10SoghN/Vx9QjK8t1AM9blnVeZaDUmSS2FZvWJsoS0XubXN0KD/oBKSlVhS7+xEL0kKdkxW73huynJyAHa7922ovyiZ9qcAOv0HGyEZlEPeq/VhPpkXPSkJEqNXMERXgWunNkNZ/wHqjUhoXQn/cqL0ksOK+pfVTxCyjdbBlgldQr1lmvvC0nZfaCUkHa8Gyak4ORzYcXO5ro/KGLuxw1wnvE9ISq/nVv9BQ0iKr+fM/ZYCYfFByPlmw0RIiq/nIAicCMkjp7IAiBF5jutHMxCSyn2hAyFZl7L4jz8AveU6QrI3XzhISAbHu3S/r+kkrMw2BpOmnyvSzRdKhGT47RRw6+c6stsYRFI/l5GQnIHTwI3Rm8t8IUUYmQ/+5f5E4Y3jpHSdLzQTkuHlyeDG+KVwmy+MzITk3f5kcOsl92SwPe/mC1t/aT0fdbLFxgJ8NWQzpe1fFw7+J1tszWtZuij5ITMxTzp/aYmQDF/RSfHWGzWJkOxdlPT0SOUXyz2OT/twW9llX9W10yO1EJL7E8Pl+55em2F7UULhGgnJWxSfHPDPXpuhfF/IXn16QvLk4Y2pYgEjJCe6i5LAtLM4U3hJBlvvCy0kUn6O8NYB3syNU5qB6C+tHPxP+SaWAkzpiMH5wh4heabwEq93xWUI2uYLW0Ly/jzhJYflXKF1LfOFLSEZnim8NMBKt61lvrAhkcKzhZdojFn0SFM9H3W+8NKXnFmP1EBI3p4vvI3m/YAeqXTwP+2+17BNs+qRyoTkife9vX3wk57VU/xxWkIyO2t4qTm9EEUDHyUSkucNb0xcRzTdtlBzX0iX5i06M1ymGm65L5QJyf25wxtv22ZL8b7QQEhO0dnx4ofm1lX1x9EQkt/Oj5dO7Uj2wrI/jnjwvzv7aiMlbSFGUfDHqXodkpfIA7xEWFVi9SLTfGG4j33Au83Fdp4oMM4XznxIB5oQIqsHxflCsRMp/I68wAv+kXd8VMRFPfl8ocSkeJEOpATnmvnCqNcgd488wYtf2ihGgeAvLXci+VB8mxJ80UYx6vRI1Q5JEPvyoP4UQNC76fImHQT1xK7PlLGpwn3h79D6+G3Ps/a+UOyQDHJ/0oHugtX7QtLYLt4XepQOnT092zxCzX2hV+lQvzJ6/oVKV1vqVTrEKFr1+7lSwYjkFnmFF7xY5gvJS+S7X3jj65z2mZrmC73ZOwibSuN8YV0qLj0Lb4wXpCCU2vlCGGy++YaX2E1sjPOFc8/SgW4q5c5tcXC9msT+PQuxcxuK/VyTlXfpS46dTT9Xj4+q5o/+hRc8T6Cej5osQ+BhPiDx0k3Qf4iq1T3yEG/8pvSvd/eFn3zEC67uuk2OpEca7n0Mb5zkOn+cOrw58BIvCqHgXyjMF956mb5x/JNOacJuvpAPcn3xEy/4nDZzz60/TvSj9IFUNySwMKsq+ksDT/GioqdHSqDPPE3f+tTJunaa+cKI8VFfvMX7WZgvpOOQBHr2GPv6EEu7To804tCBt3jrCtyI57F2OQJ9irzFCxaCHmnE+ahbj/G+NSYzTaNXjfc/sb94n3N649LxUTX0vb944+0d46PS7r4wAx7jRXO5fz36LZLJf5aWglz/gfsXfvEZb3zV+hdyPurG5/RliqDSfGHuNV5mCybOF06B13jRhdLP5fVya7quBf7si+d4PyvzhY+x38+z3M+V7j3Hu5X1HzLgOd64kPylp8hzuOBB0H8o0nvf8dK5l07/4Z++pwM1OmT8GWnvfPQe77N0X+h7eWBv5GlzX+h/eYhRIdwXel8eqNFs1vrjXI4A71vU+EsHwacR4L2a8PnCuqh5Xx7IDmLS+EsHF/sR4N1OOn0uMAK8KGjnC2fxGJ5FO184gvJASSmeD5vvI8Jbh3f1bQzpAK4aPmr+OIr8fc65HumP/SjwbvOQ8mebEIwCL8r5feHdOPDGkN8XztAo4IIXfl94Pxa83B/ndiR4f3L+4ctI8H7meP82juUW/5fxJdnjSPA+8/juR4J3y/GOpPzGaGR4Y8ZHTdFY4vuD8lG3Y8ELFptx4X0jfNSI8L5QvP8aDd5r2r/+77GUBzIsUMd3LK830gYxKrwxHW4I9+PBSz1BwLjwXowHL6L8Qzyeh07ujQcuuqjxjuR0TAvag1/zsMN4C+8m9Own5JHFl+C9HBneT+PBiwne7yOK7+c0CL+N6H3x95Hhvarz4XFE+fC/NEi/AzwStBhdE+XE2aH+1RjQHlY56+eavPqOGGOULNr5wjT9SmKM/EUbU3cNQY80m6zJN+HjJpJYTF6wJmVhvjAMovUrwNi/tE12oV6PtLxZ1mnhUZCJIcVhGZatqquo/7CiU3uZN0EmeZDs5mEp2LmI+g9M84h0Ta1f8bkhEwfPZLegctqyvbDkj8NMbYp0cojPGWWSk7Qg6PRI074eaV3g7pbMWvUcOVtXr2UhWAMZ9EgjyScsLO+IteppM4N+2mEVlkIUoUGPNAoknzAi5FaWd2vuYHuK5UUCe1gVZZ7rbKak/nXRZj2TXLbTsl5/JJv/IGZAq2iy+5He0J+5ajNl1yPNZLlwWj3WBxpnjMGfCCuLK/mgO9gzSOr74wTVhimdM3+cCop2LivIdCCLLK+XILMK/j2hRuz7T+o3AsGWq7aa9Ue3di7CfCHpMGE2nhQgm3+64GW5mYZi4okpWYOHxt8YvDPWCLGg1jWLhZVsXyDpO91sLgQ33A2PIkVFMDbzkATTRcoGn6heIiS+s/RHwobrgydWXlIy0pXl1bwi+QFaFyfgnKXc9YmZVsEwLdlGJqMBrT/6gpdTMmXMoph2UYy4nw//ZSoGlMFNyXcFYfDE6wvrDg0K9o/mNepD0hRNlihyqqAmlsxvOk5qnLsldQKrq0Bdk1hAUxpQyANKPjpiOpNNFCPmgtLq99E/YXjZALX4JYmv/GXzp2WakTW8CDbL5ZqAPySJEtTXV/Lbux3x/1oRA8+Cv1B7nwvlLyPpy6j5n/8P6vERrXTt9ZIAAAAASUVORK5CYII=
3	Georgi	baldjie	asdasdasd	8bb0cf6eb9b17d0f7d22b456f121257dc1254e1f01665370476383ea776df414	gbaldjiev200s4@gmail.com	0	\N	\N	iVBORw0KGgoAAAANSUhEUgAAAV4AAAFeBAMAAAA/BWopAAAAGFBMVEXn5+dUWFn////19fXb29vi4uJFSUqWmJlAL7LBAAAcTElEQVR42rScTXPbOBKGEUrYXMPMDH1VSHt8dUh5c1VsKnNFxdQPUFXGvibOlv33F0A3PgmAlAUqFzOS4daL7gb6YYOkhteGwOv8y9t/Xn+V4vX62j9kHVle2u8wZl9S592D/Xv8g9bllbygVLzz+qt6fDxKex/5Dxev35uOv8esoSh1THCHgivq2HsY2dtIE+gBLlthETkciDC/gQ8emPw2DYx64H+UEgpX9Q1/i4pRt6/c2NJ+cZNf++6Wf57AwGIoccVwqM2B8ZGYGUp8m8PBWMXEn4YrYRX82ErTD2Bv20oV+MfEqGAvlfKSplX2ChEOcNWBCith7bH0X/z/Xu87KUyHQ0kNm8YaiuBQ7Q0MzJS98kpa1bRG307+KAbiH2w6pYJ4t21BBbCwg3FumZhFiiq04nfJzT9lwFq0+H8rPlRjhuK/3YGFt8J4pobqpHscwAE6UHEAezvjD8LCDaPDHlSQs0Z7IS9pYNgrfsWnfFD2SuOHPcjbbihZ3f6KWAtu8fpwU5uhhKA41Fb4BjFDiYH7nbaXe0MvnQBVlK7RgQPIgeCNesONF2GBKmx30sK+BRVuhKBDD6N2/HdX21+PZeJVPV7cw8D1di/l7dGXwAF6BgMLM4jQTVtFuPFi1lFFZkzvhbxMq7ATNq3hqtlKTZQKMGv88/JvcBVW71+S5gqFj3e1PVSvh5LyWoLSfg+CSnvXoGLXYXBqBxBvcEXRAbY9qACadLci1/F5AhXkrA09U77UvK+O5dSrAoPlUMImPRSTM6u+uhgY3NKoaNzyYBxAyssjCgWVDrBWDrABTbQDUCmvUuF6hrlocAMOsAYHkL5EXAeg4ACNUVG4JfqStFf+eAnyrlHQrQha0tsOgGGgVWBKhctZ5oLBaijbAdYqoqS9Ul7tACCvUlEkk7rVYeBGlFahQRV6UAGSn5wO+TeuXuaZyw1+Khrbl2AoPy/tLAe4BHkH45a41IkwoE4Y6IjCWZMDWSrI1UT8xV9zzeUGX7QwlB1RVM6scgCQVzvAXkS9o2JtTHfCgLC1iagNdcOAmjD4+ljOfz3+KYZaG18SX30PDmDnJWrykqui2j9w06kTUURFlJo1MZClggqD61PM5QY/b0BePRQd5SXq5CU5s1Zekq9+X6D/4/pS4HRhYBXo/yhGgctIz7ZVedqLx1yDQ/UwFJiG6ekeZ55B/HxH+SD7C6tkmuUTVODMY2AVOF0oRoFfH9PLA379/c3L8UR7qwv86kIVruQKZx4D6x5nPqQiA3uJyFviRzkQhZkvcLowsJQKUl5GlAoPX081l3vET0igIC/VX11ue/o7nHm5uIKK4k/jKl3In6T/F7gug7y0sFTgBloqUK1C057sDegRcig5sOUAMn4K5QCQngpcRsBGKvXVpoOgME8xB4B5QhVOSWWWR/wph4K81aMDtBhYBa5IRKsodWMQOOgPYLp2ACcMgipAGLQn5gaTI8Rvy4ExooQDQHrSDgDpyVJR/OmibnH5Fhmg1Q4wJwy4vC9vMpcvc3qoIZ6X1sG8JPxhYJYDCHl5zXRvHEBE4J2jAiST9vpYvtHgZ+kAzOSlNpyXmLIKk/RKfA5KnUIJChuzWBjAYipVaN4orxC4tVOqnFk/L0HgFI2Vl4jIS0SUn1REVKvCgCXDYMAwaD+/VV7uwR/qGuR1FiYrL0nvpYG8hGBBR9TOWlj4l/PCgKow4PJW5Rkv+Op+XnIXJhrKS+J/qRNRYmb2jgOEludz5OUe8dGkVCsv0fjyTFFFtYEwC4tMcGp5pl4YwDwVb08O+HqqJ/MSDeYlAvW02VlQFVGYBwPLswjO6+NZ9j4+38CU23mJW3hvO0AoLxHc91oRRUfLMzHLM4bBmfLyFHHjbPUwL7n7Mycv4fJMYhXPeJcqIJLa9n85T16Rg6MVDyF22WCqZ4tHteOKxy38ver54du59pY/mrl1o102EF3ysmjFgxDJVM/Ndluda255LCbqRmkV9apnGiv8B7fwd1Xo3p0tL+x6ghXP2nEAp3oGwhso/K8gsNy6b61UaF7ONlfuegJ1Iw3wKFM9WzzKL/xhGemC1fP1+fJyge88IIkkJlU9C3uRSA+wcwg7AKqgwuBzDnurP6QD0BCJYeHq+VKiYFP4ExtI+oW/FQYZ3EGucdN5abDzUi3YZo2C9kDMIoU/tSFSFncQDhEHkrWXl1rNyRWPcok0YNne4VE6DD7nsbf6UI9JzDqQl4iyytgrgCQlNpAkcSCZxx2EQ6i8RJ2FKcKjmhGPshcWFl2eL4+Z7BUZYoMbMwtI0uTyPI6oKJBEFT7lspfvgiEv0WReslSkeP9tvLCElmdUIZc7lOXFiXlJ73dsxD8BJOumymbvsVVAcogDSXd5JqcBSf4dvhyz2Vv9ngaSyKMo4hNyEpDkH1x9zWjvn+tJIGlVzwx4X6DwjwFJ/sFVPvflGW09CSSd6rlWZTWbBSSFCtsqo73H3RhINg6QtKker3ORR5F5QFJUzxndVzjwFJC0qmehYg3365lT+NMIkJTV87us9n6YAJJW9SxURB7F/00W/qhCkdN9uQO3E0DS5CWhouZR04W/urtRZbX3OCYxDpBUKsLuRthLZWfDHCAJKhyz2lvd2XmJBoCkoXrU5lHTQFIMRMn7zPY+20AywaOo5lGQ+aaBpFSBfM1s78ckkHRVxPWCmYUlAiQNlmV5w40HXDMBJFVeUjwKgYqOKBYAkiY7syq7vVN5yb9fyJz7hSEgabDssM5sLt6NS+WlDlS09jvrCSBphcGXY2Z7q+cJIKn3Z4woPjkDSML6MrTX2e39YwJIutUzmwkkVTvP37n9ofwQbefpxlRP9nPNAZJQBOzrb9nt/XGTBJKAnex+Ls2jEkBSY9mX7PY+bVTF0wWApFc9H3Qb5lWi8Bd1HyTAuspu79HUjQEgCfterSKz+rlSQFJ2r/KBNmX+1/0wu50n1c/lAEnJz/gnLo/Zza3ue7/P1AKSYxVj/VxEdbXZWPZ6AXt/mtYwDSSJk5dsquf1c4WBpG6Q+7SAvX8d4kAyQPXqGUBStC/L9PFpAf/9i8SB5KjblpE5HZIYBmz13wXs5QmYxYEk9ajeafcL8y8XZSUWjLn3CxmZAyQxDFheVqIXjJs0kOwD9wsjHZLE6xN9WMReyUKjQJIG+tfTQFI3ndNdtYC9xw2Jdm7rxl2zP4OFK1X4mzKlXcLeMgkkvXaeWvdzRYGkVfc1S5h7bJsEkHSq56KtCR5kiQNJyicAq+cltg9lWSSApK0iFSpyd4gX/k2H+14sUy6X8IfqLgEkLarHLB7FEkDSqp4X2O5IexNA0m8zlEe9WApI6jBYzN4EkDQqMuRRlMQ7JG0sK9LL9SL2PieApNvO8x37lZNAUmFZcdJiOXtdINkZIIkqMqR68mvEgSRV2VmuLwvq6wDJ2gKSQPWIonokDSTduxvL2TvmUS7VY4rqyTcSQJLafaLL2RsAkoyGTgHAG3EgCZkP8+Bi9rpAsnF5lE31xvcLXSBJneV5MXtHeYlKecdUb3y/0AWSamFpF7U3mJeGvXPXdYf3NyeAJNzXRbdayl4HSDYOkHQPwzS1e8B0BCRdfPJlEXt/p4Bk7/ZzmWPBE+cLZRZZRN/y96iPgZLJ84UxIGlOhfKBtovou1vsfOG6XMTeEZCkbzhf6Bb+kEW2i9Rvex9IUr9unHW+UO4c3DCgi9RvOx9IEhufkOT5Qh9IutXzahF9yRhI2ueePaqXBpK68JdhsAgvKTdpIOmd0kwCSWbwiVhfluI7LA4kfao3PmDqAEl9/B/Wl6V4VBxIulSPkjSQNO3WsvxbgvfJG0QWkEyfe6bBI9uR5Zke/rOAvf9SF0gyGm8zdPvXx0CSqjwIxwz3S/D1Dzd2Xgqee3bvFzZxIDmY4/9yoCXuX/z27hfScV4KPf8hCCStMJDH1ZaxN3yAoRvfL5QPZ3HOF9bpczwLbHiquySQtNt5qOrnigJJv51nvcD9zdYCksQHkqOyQfGzMJCs8cEqqu5bYkG2gSQdA0lz+jtwvtAHklbhLwdaYIF7ip4vZHPPF8aP/6/yLxj/Niedew6cL7SA5Kid513ugKs+OucLPSBpU721OV8YBZKjMHif3d7nOXnJOl8I8kaApC78FZbNby8+RigKJEFFpqge8Qp/F0iOjv9nT2h4bC8OJL1uW0hYMSA54vLZE8STzksRINn4z3+AB+CEgaTi8rrbNnuC+GHyUhhIOlQP+VkUSOJTMKxu28wJQhxxSQJJr9u2RnkjQBKWZzqY5TkzkgJYnQCS3vKs+u1ZGEjCUzCoeQpGbgQh2ycTQNLrtjX7nTCQDPSJLta/TlN5SXfbKn4WBpKB2+ZZA676MQEkUT7rOXzO+UILSMYez5S3JPo4ASRj5wsDQNIp/KmunrPeg6vu0kDSOffsnS8kfiNK+IFnWVsSjzOAZOx8IZ15vvBb1tViCkiOqF4SSPphIIzP6cAfZwDJwPnCKJB0jv+jChkd+PFuBpAcRs9/iAPJULt185JxszMDSNpUj5E0kAwes/12zJZ9ZwDJIfY80hCQDLZbZ4Mm1fMkkPSpnvU80hCQtJ9HqrvarnJlNIEeZualZsSjgkByCIVB+5LNHUIdkrG85D2PNAgkg2GQ6xCGcIfIuWfneaTUqOg+jzQAJPVjee0wuHrM4w5FqEMympfU/cImCiR1GLReGGR6XkWoQ3J8/N9bnimbKPzp6Lb5Q5Yi4/HnMOeBZ147z2nnC1GMLkeGOO5CHZKxsoEh1YPzhVEgGWznYasMS0Z1sQ53SNpActzOA+cLh3jh77bzQBYpMmSI6ufgn3tm4fOFjfs80iSQjLTznB9x1ROd/SDG/1d3PW9t61jUxfGwxR1G3lI7HbYeOwzblCRkq1Jn3lrfMMoWSpr8+2P9sC3JkqxAm8j+3qK0r83hcnUtHd17jnh6pvOFlfN8IRP3XhQfllwB1xP60RZCUtvOc+R8YROFD4tWoLkjIZkp84VCo7COkGSy8VIUKLn9wblecB1JQoxmQjJjc8+c1Wv6sG0Hf6iT5Z197B2HH5gO/yAhqbB6TR+2Rf8hUNoauXjeh0oa2GaOhGQm1aVC1H/QEpLKMmiLSXb7kQCjn6kixOhUl55KrkdqISQDRZa3UU8s9ugD4SUjxZELIanUJf19oUhIQpMe6RR/JLwDQoyBqc2Qy2uYCUllGXS3ptm7Mxg8p9IAg4WQ7KVlEGgISUGWF5pled9NrSLSYQ8dCUmlLpnmC1XVfM2Y7XuVeGjtdSMkZ4HiYyHMF0a2g7/q5kGD8c4Aozl0FTyTjw2pos+lJyRl2Tepnef+PUsO7yJxZHuQkGzdPET+zEJIWrpt03fUNJAEAyceiZCMFDePo+YL5dPzZFkcP1AE0LyiGzNnQrLSzxcGtoP/VFoGZbcMjs6IOhuOIyTt84U6QtLczpMevU/D1zdMiLFyJSQrkdULoNvBv4lCIUSBLoPs61EpDLbFUYTk164uDemRMsZMjoJIn/CmJkezmSZ5H0hJhUcQkjKrx/AaCEmob7dWVDCOSGGA35hBEnQnJJu6JPBnhYGQVGR5xW5bydTmErvCfWkSwJmQVOqSwEf17guh8+vZzcIF4B1fUdCdkGzqUtH1rxdySTUtg8isgpG9Yje4DooqCiEppmWq6JEKO4tCXQbQJst7ExwwcoGbHktIzqBw66r0r7clVUNI2k1tpqtyPVAlMNp1PceVMyE5U+sSfwYISXGXCvW71BmwhRijhVOHpH2+ELrMF/JGlCFTm+zGbFiHcfKUaR0YjIQkVFi9oJsvjIYJych8em5NbdJ0rQ8xwNtdahvZthOSimoYm44dJCSF03P9D2nF84p0dogVe8iY+EXu2M/YtUNSISQ/Ml/Ix2wrA7kdlhQxRgiBmPxX/zo5PKTHdUjytDTNFwYO84VtAshuHn1TmzDYLA+vJKqYRDo5LGFZZK4dkpXsY/H++ULZzcNqahOSvzlZ0mde70ZypXN7ciQh2ZsvbPqjLIRkpHfzKHQkUsS/LMssr6g3qawhWbkRkoY2w4LrkToQkjwKsFkGmdnURqrOgdYZpnAlJDV6pNTOdZiQ5PQJJ7cvf6YmUxttSZU7t4vpSxm4EJKKzVSnR2pJAFH3r1kGa7y9cDG1aUqq3LmdTvf4OsyPqkuy/sMwISlEISzrdxlO3E1tOiVOnkuvKMbJj2iYkCwFVq/tX4dWQlKS5SXNltx8FV87m9qondt0wwySee5ASCqsHoXrRkjyZdB6xeJdXg2Z2ihKnKyk8v093i7ywE5IylHk94VyhyQckAsPJ83WEdQ5SK12jyypa9zt2vKj/QuPICTptn8qHODxrx6JlA5pSGbrblcEtg9WQlLj5jFMSBaim0chwq3P578GTs/9E89apLDwdh5ZCMn+sSEYJCSFMVsYFV9l42B2hhwytRE1JNfynpPmMBQJSagQksfOFxatm0edqTeqYyHAzGLVUUMy6x2lcbLI36dHWvV0/2BnRMLCO9EchEHykFlPzwITM9X8fZyE0uB7NKhHmmn0SNtzXyGcngPtuR3Hv8p8wBKWcA5FeguwlhAuK5GJiczj/1+Pmi8sDbwIQIcF3TQZTs8svMHN2nDAA7vISEjKrJ7AR/V5+UAwSCJpFf4FjNxCsqu/JSiSSIqURJivjaRKXWVyW10SoghN/Vx9QjK8t1AM9blnVeZaDUmSS2FZvWJsoS0XubXN0KD/oBKSlVhS7+xEL0kKdkxW73huynJyAHa7922ovyiZ9qcAOv0HGyEZlEPeq/VhPpkXPSkJEqNXMERXgWunNkNZ/wHqjUhoXQn/cqL0ksOK+pfVTxCyjdbBlgldQr1lmvvC0nZfaCUkHa8Gyak4ORzYcXO5ro/KGLuxw1wnvE9ISq/nVv9BQ0iKr+fM/ZYCYfFByPlmw0RIiq/nIAicCMkjp7IAiBF5jutHMxCSyn2hAyFZl7L4jz8AveU6QrI3XzhISAbHu3S/r+kkrMw2BpOmnyvSzRdKhGT47RRw6+c6stsYRFI/l5GQnIHTwI3Rm8t8IUUYmQ/+5f5E4Y3jpHSdLzQTkuHlyeDG+KVwmy+MzITk3f5kcOsl92SwPe/mC1t/aT0fdbLFxgJ8NWQzpe1fFw7+J1tszWtZuij5ITMxTzp/aYmQDF/RSfHWGzWJkOxdlPT0SOUXyz2OT/twW9llX9W10yO1EJL7E8Pl+55em2F7UULhGgnJWxSfHPDPXpuhfF/IXn16QvLk4Y2pYgEjJCe6i5LAtLM4U3hJBlvvCy0kUn6O8NYB3syNU5qB6C+tHPxP+SaWAkzpiMH5wh4heabwEq93xWUI2uYLW0Ly/jzhJYflXKF1LfOFLSEZnim8NMBKt61lvrAhkcKzhZdojFn0SFM9H3W+8NKXnFmP1EBI3p4vvI3m/YAeqXTwP+2+17BNs+qRyoTkife9vX3wk57VU/xxWkIyO2t4qTm9EEUDHyUSkucNb0xcRzTdtlBzX0iX5i06M1ymGm65L5QJyf25wxtv22ZL8b7QQEhO0dnx4ofm1lX1x9EQkt/Oj5dO7Uj2wrI/jnjwvzv7aiMlbSFGUfDHqXodkpfIA7xEWFVi9SLTfGG4j33Au83Fdp4oMM4XznxIB5oQIqsHxflCsRMp/I68wAv+kXd8VMRFPfl8ocSkeJEOpATnmvnCqNcgd488wYtf2ihGgeAvLXci+VB8mxJ80UYx6vRI1Q5JEPvyoP4UQNC76fImHQT1xK7PlLGpwn3h79D6+G3Ps/a+UOyQDHJ/0oHugtX7QtLYLt4XepQOnT092zxCzX2hV+lQvzJ6/oVKV1vqVTrEKFr1+7lSwYjkFnmFF7xY5gvJS+S7X3jj65z2mZrmC73ZOwibSuN8YV0qLj0Lb4wXpCCU2vlCGGy++YaX2E1sjPOFc8/SgW4q5c5tcXC9msT+PQuxcxuK/VyTlXfpS46dTT9Xj4+q5o/+hRc8T6Cej5osQ+BhPiDx0k3Qf4iq1T3yEG/8pvSvd/eFn3zEC67uuk2OpEca7n0Mb5zkOn+cOrw58BIvCqHgXyjMF956mb5x/JNOacJuvpAPcn3xEy/4nDZzz60/TvSj9IFUNySwMKsq+ksDT/GioqdHSqDPPE3f+tTJunaa+cKI8VFfvMX7WZgvpOOQBHr2GPv6EEu7To804tCBt3jrCtyI57F2OQJ9irzFCxaCHmnE+ahbj/G+NSYzTaNXjfc/sb94n3N649LxUTX0vb944+0d46PS7r4wAx7jRXO5fz36LZLJf5aWglz/gfsXfvEZb3zV+hdyPurG5/RliqDSfGHuNV5mCybOF06B13jRhdLP5fVya7quBf7si+d4PyvzhY+x38+z3M+V7j3Hu5X1HzLgOd64kPylp8hzuOBB0H8o0nvf8dK5l07/4Z++pwM1OmT8GWnvfPQe77N0X+h7eWBv5GlzX+h/eYhRIdwXel8eqNFs1vrjXI4A71vU+EsHwacR4L2a8PnCuqh5Xx7IDmLS+EsHF/sR4N1OOn0uMAK8KGjnC2fxGJ5FO184gvJASSmeD5vvI8Jbh3f1bQzpAK4aPmr+OIr8fc65HumP/SjwbvOQ8mebEIwCL8r5feHdOPDGkN8XztAo4IIXfl94Pxa83B/ndiR4f3L+4ctI8H7meP82juUW/5fxJdnjSPA+8/juR4J3y/GOpPzGaGR4Y8ZHTdFY4vuD8lG3Y8ELFptx4X0jfNSI8L5QvP8aDd5r2r/+77GUBzIsUMd3LK830gYxKrwxHW4I9+PBSz1BwLjwXowHL6L8Qzyeh07ujQcuuqjxjuR0TAvag1/zsMN4C+8m9Own5JHFl+C9HBneT+PBiwne7yOK7+c0CL+N6H3x95Hhvarz4XFE+fC/NEi/AzwStBhdE+XE2aH+1RjQHlY56+eavPqOGGOULNr5wjT9SmKM/EUbU3cNQY80m6zJN+HjJpJYTF6wJmVhvjAMovUrwNi/tE12oV6PtLxZ1mnhUZCJIcVhGZatqquo/7CiU3uZN0EmeZDs5mEp2LmI+g9M84h0Ta1f8bkhEwfPZLegctqyvbDkj8NMbYp0cojPGWWSk7Qg6PRI074eaV3g7pbMWvUcOVtXr2UhWAMZ9EgjyScsLO+IteppM4N+2mEVlkIUoUGPNAoknzAi5FaWd2vuYHuK5UUCe1gVZZ7rbKak/nXRZj2TXLbTsl5/JJv/IGZAq2iy+5He0J+5ajNl1yPNZLlwWj3WBxpnjMGfCCuLK/mgO9gzSOr74wTVhimdM3+cCop2LivIdCCLLK+XILMK/j2hRuz7T+o3AsGWq7aa9Ue3di7CfCHpMGE2nhQgm3+64GW5mYZi4okpWYOHxt8YvDPWCLGg1jWLhZVsXyDpO91sLgQ33A2PIkVFMDbzkATTRcoGn6heIiS+s/RHwobrgydWXlIy0pXl1bwi+QFaFyfgnKXc9YmZVsEwLdlGJqMBrT/6gpdTMmXMoph2UYy4nw//ZSoGlMFNyXcFYfDE6wvrDg0K9o/mNepD0hRNlihyqqAmlsxvOk5qnLsldQKrq0Bdk1hAUxpQyANKPjpiOpNNFCPmgtLq99E/YXjZALX4JYmv/GXzp2WakTW8CDbL5ZqAPySJEtTXV/Lbux3x/1oRA8+Cv1B7nwvlLyPpy6j5n/8P6vERrXTt9ZIAAAAASUVORK5CYII=
6	Georgi	Baldjiev	myPhone	ef797c8118f02dfb649607dd5d3f8c7623048c9c063d532cc95c5ed7a898a64f	gbaldjiev20040@gmail.com	0	\N	\N	iVBORw0KGgoAAAANSUhEUgAAAV4AAAFeBAMAAAA/BWopAAAAGFBMVEXn5+dUWFn////19fXb29vi4uJFSUqWmJlAL7LBAAAcTElEQVR42rScTXPbOBKGEUrYXMPMDH1VSHt8dUh5c1VsKnNFxdQPUFXGvibOlv33F0A3PgmAlAUqFzOS4daL7gb6YYOkhteGwOv8y9t/Xn+V4vX62j9kHVle2u8wZl9S592D/Xv8g9bllbygVLzz+qt6fDxKex/5Dxev35uOv8esoSh1THCHgivq2HsY2dtIE+gBLlthETkciDC/gQ8emPw2DYx64H+UEgpX9Q1/i4pRt6/c2NJ+cZNf++6Wf57AwGIoccVwqM2B8ZGYGUp8m8PBWMXEn4YrYRX82ErTD2Bv20oV+MfEqGAvlfKSplX2ChEOcNWBCith7bH0X/z/Xu87KUyHQ0kNm8YaiuBQ7Q0MzJS98kpa1bRG307+KAbiH2w6pYJ4t21BBbCwg3FumZhFiiq04nfJzT9lwFq0+H8rPlRjhuK/3YGFt8J4pobqpHscwAE6UHEAezvjD8LCDaPDHlSQs0Z7IS9pYNgrfsWnfFD2SuOHPcjbbihZ3f6KWAtu8fpwU5uhhKA41Fb4BjFDiYH7nbaXe0MvnQBVlK7RgQPIgeCNesONF2GBKmx30sK+BRVuhKBDD6N2/HdX21+PZeJVPV7cw8D1di/l7dGXwAF6BgMLM4jQTVtFuPFi1lFFZkzvhbxMq7ATNq3hqtlKTZQKMGv88/JvcBVW71+S5gqFj3e1PVSvh5LyWoLSfg+CSnvXoGLXYXBqBxBvcEXRAbY9qACadLci1/F5AhXkrA09U77UvK+O5dSrAoPlUMImPRSTM6u+uhgY3NKoaNzyYBxAyssjCgWVDrBWDrABTbQDUCmvUuF6hrlocAMOsAYHkL5EXAeg4ACNUVG4JfqStFf+eAnyrlHQrQha0tsOgGGgVWBKhctZ5oLBaijbAdYqoqS9Ul7tACCvUlEkk7rVYeBGlFahQRV6UAGSn5wO+TeuXuaZyw1+Khrbl2AoPy/tLAe4BHkH45a41IkwoE4Y6IjCWZMDWSrI1UT8xV9zzeUGX7QwlB1RVM6scgCQVzvAXkS9o2JtTHfCgLC1iagNdcOAmjD4+ljOfz3+KYZaG18SX30PDmDnJWrykqui2j9w06kTUURFlJo1MZClggqD61PM5QY/b0BePRQd5SXq5CU5s1Zekq9+X6D/4/pS4HRhYBXo/yhGgctIz7ZVedqLx1yDQ/UwFJiG6ekeZ55B/HxH+SD7C6tkmuUTVODMY2AVOF0oRoFfH9PLA379/c3L8UR7qwv86kIVruQKZx4D6x5nPqQiA3uJyFviRzkQhZkvcLowsJQKUl5GlAoPX081l3vET0igIC/VX11ue/o7nHm5uIKK4k/jKl3In6T/F7gug7y0sFTgBloqUK1C057sDegRcig5sOUAMn4K5QCQngpcRsBGKvXVpoOgME8xB4B5QhVOSWWWR/wph4K81aMDtBhYBa5IRKsodWMQOOgPYLp2ACcMgipAGLQn5gaTI8Rvy4ExooQDQHrSDgDpyVJR/OmibnH5Fhmg1Q4wJwy4vC9vMpcvc3qoIZ6X1sG8JPxhYJYDCHl5zXRvHEBE4J2jAiST9vpYvtHgZ+kAzOSlNpyXmLIKk/RKfA5KnUIJChuzWBjAYipVaN4orxC4tVOqnFk/L0HgFI2Vl4jIS0SUn1REVKvCgCXDYMAwaD+/VV7uwR/qGuR1FiYrL0nvpYG8hGBBR9TOWlj4l/PCgKow4PJW5Rkv+Op+XnIXJhrKS+J/qRNRYmb2jgOEludz5OUe8dGkVCsv0fjyTFFFtYEwC4tMcGp5pl4YwDwVb08O+HqqJ/MSDeYlAvW02VlQFVGYBwPLswjO6+NZ9j4+38CU23mJW3hvO0AoLxHc91oRRUfLMzHLM4bBmfLyFHHjbPUwL7n7Mycv4fJMYhXPeJcqIJLa9n85T16Rg6MVDyF22WCqZ4tHteOKxy38ver54du59pY/mrl1o102EF3ysmjFgxDJVM/Ndluda255LCbqRmkV9apnGiv8B7fwd1Xo3p0tL+x6ghXP2nEAp3oGwhso/K8gsNy6b61UaF7ONlfuegJ1Iw3wKFM9WzzKL/xhGemC1fP1+fJyge88IIkkJlU9C3uRSA+wcwg7AKqgwuBzDnurP6QD0BCJYeHq+VKiYFP4ExtI+oW/FQYZ3EGucdN5abDzUi3YZo2C9kDMIoU/tSFSFncQDhEHkrWXl1rNyRWPcok0YNne4VE6DD7nsbf6UI9JzDqQl4iyytgrgCQlNpAkcSCZxx2EQ6i8RJ2FKcKjmhGPshcWFl2eL4+Z7BUZYoMbMwtI0uTyPI6oKJBEFT7lspfvgiEv0WReslSkeP9tvLCElmdUIZc7lOXFiXlJ73dsxD8BJOumymbvsVVAcogDSXd5JqcBSf4dvhyz2Vv9ngaSyKMo4hNyEpDkH1x9zWjvn+tJIGlVzwx4X6DwjwFJ/sFVPvflGW09CSSd6rlWZTWbBSSFCtsqo73H3RhINg6QtKker3ORR5F5QFJUzxndVzjwFJC0qmehYg3365lT+NMIkJTV87us9n6YAJJW9SxURB7F/00W/qhCkdN9uQO3E0DS5CWhouZR04W/urtRZbX3OCYxDpBUKsLuRthLZWfDHCAJKhyz2lvd2XmJBoCkoXrU5lHTQFIMRMn7zPY+20AywaOo5lGQ+aaBpFSBfM1s78ckkHRVxPWCmYUlAiQNlmV5w40HXDMBJFVeUjwKgYqOKBYAkiY7syq7vVN5yb9fyJz7hSEgabDssM5sLt6NS+WlDlS09jvrCSBphcGXY2Z7q+cJIKn3Z4woPjkDSML6MrTX2e39YwJIutUzmwkkVTvP37n9ofwQbefpxlRP9nPNAZJQBOzrb9nt/XGTBJKAnex+Ls2jEkBSY9mX7PY+bVTF0wWApFc9H3Qb5lWi8Bd1HyTAuspu79HUjQEgCfterSKz+rlSQFJ2r/KBNmX+1/0wu50n1c/lAEnJz/gnLo/Zza3ue7/P1AKSYxVj/VxEdbXZWPZ6AXt/mtYwDSSJk5dsquf1c4WBpG6Q+7SAvX8d4kAyQPXqGUBStC/L9PFpAf/9i8SB5KjblpE5HZIYBmz13wXs5QmYxYEk9ajeafcL8y8XZSUWjLn3CxmZAyQxDFheVqIXjJs0kOwD9wsjHZLE6xN9WMReyUKjQJIG+tfTQFI3ndNdtYC9xw2Jdm7rxl2zP4OFK1X4mzKlXcLeMgkkvXaeWvdzRYGkVfc1S5h7bJsEkHSq56KtCR5kiQNJyicAq+cltg9lWSSApK0iFSpyd4gX/k2H+14sUy6X8IfqLgEkLarHLB7FEkDSqp4X2O5IexNA0m8zlEe9WApI6jBYzN4EkDQqMuRRlMQ7JG0sK9LL9SL2PieApNvO8x37lZNAUmFZcdJiOXtdINkZIIkqMqR68mvEgSRV2VmuLwvq6wDJ2gKSQPWIonokDSTduxvL2TvmUS7VY4rqyTcSQJLafaLL2RsAkoyGTgHAG3EgCZkP8+Bi9rpAsnF5lE31xvcLXSBJneV5MXtHeYlKecdUb3y/0AWSamFpF7U3mJeGvXPXdYf3NyeAJNzXRbdayl4HSDYOkHQPwzS1e8B0BCRdfPJlEXt/p4Bk7/ZzmWPBE+cLZRZZRN/y96iPgZLJ84UxIGlOhfKBtovou1vsfOG6XMTeEZCkbzhf6Bb+kEW2i9Rvex9IUr9unHW+UO4c3DCgi9RvOx9IEhufkOT5Qh9IutXzahF9yRhI2ueePaqXBpK68JdhsAgvKTdpIOmd0kwCSWbwiVhfluI7LA4kfao3PmDqAEl9/B/Wl6V4VBxIulSPkjSQNO3WsvxbgvfJG0QWkEyfe6bBI9uR5Zke/rOAvf9SF0gyGm8zdPvXx0CSqjwIxwz3S/D1Dzd2Xgqee3bvFzZxIDmY4/9yoCXuX/z27hfScV4KPf8hCCStMJDH1ZaxN3yAoRvfL5QPZ3HOF9bpczwLbHiquySQtNt5qOrnigJJv51nvcD9zdYCksQHkqOyQfGzMJCs8cEqqu5bYkG2gSQdA0lz+jtwvtAHklbhLwdaYIF7ip4vZHPPF8aP/6/yLxj/Niedew6cL7SA5Kid513ugKs+OucLPSBpU721OV8YBZKjMHif3d7nOXnJOl8I8kaApC78FZbNby8+RigKJEFFpqge8Qp/F0iOjv9nT2h4bC8OJL1uW0hYMSA54vLZE8STzksRINn4z3+AB+CEgaTi8rrbNnuC+GHyUhhIOlQP+VkUSOJTMKxu28wJQhxxSQJJr9u2RnkjQBKWZzqY5TkzkgJYnQCS3vKs+u1ZGEjCUzCoeQpGbgQh2ycTQNLrtjX7nTCQDPSJLta/TlN5SXfbKn4WBpKB2+ZZA676MQEkUT7rOXzO+UILSMYez5S3JPo4ASRj5wsDQNIp/KmunrPeg6vu0kDSOffsnS8kfiNK+IFnWVsSjzOAZOx8IZ15vvBb1tViCkiOqF4SSPphIIzP6cAfZwDJwPnCKJB0jv+jChkd+PFuBpAcRs9/iAPJULt185JxszMDSNpUj5E0kAwes/12zJZ9ZwDJIfY80hCQDLZbZ4Mm1fMkkPSpnvU80hCQtJ9HqrvarnJlNIEeZualZsSjgkByCIVB+5LNHUIdkrG85D2PNAgkg2GQ6xCGcIfIuWfneaTUqOg+jzQAJPVjee0wuHrM4w5FqEMympfU/cImCiR1GLReGGR6XkWoQ3J8/N9bnimbKPzp6Lb5Q5Yi4/HnMOeBZ147z2nnC1GMLkeGOO5CHZKxsoEh1YPzhVEgGWznYasMS0Z1sQ53SNpActzOA+cLh3jh77bzQBYpMmSI6ufgn3tm4fOFjfs80iSQjLTznB9x1ROd/SDG/1d3PW9t61jUxfGwxR1G3lI7HbYeOwzblCRkq1Jn3lrfMMoWSpr8+2P9sC3JkqxAm8j+3qK0r83hcnUtHd17jnh6pvOFlfN8IRP3XhQfllwB1xP60RZCUtvOc+R8YROFD4tWoLkjIZkp84VCo7COkGSy8VIUKLn9wblecB1JQoxmQjJjc8+c1Wv6sG0Hf6iT5Z197B2HH5gO/yAhqbB6TR+2Rf8hUNoauXjeh0oa2GaOhGQm1aVC1H/QEpLKMmiLSXb7kQCjn6kixOhUl55KrkdqISQDRZa3UU8s9ugD4SUjxZELIanUJf19oUhIQpMe6RR/JLwDQoyBqc2Qy2uYCUllGXS3ptm7Mxg8p9IAg4WQ7KVlEGgISUGWF5pled9NrSLSYQ8dCUmlLpnmC1XVfM2Y7XuVeGjtdSMkZ4HiYyHMF0a2g7/q5kGD8c4Aozl0FTyTjw2pos+lJyRl2Tepnef+PUsO7yJxZHuQkGzdPET+zEJIWrpt03fUNJAEAyceiZCMFDePo+YL5dPzZFkcP1AE0LyiGzNnQrLSzxcGtoP/VFoGZbcMjs6IOhuOIyTt84U6QtLczpMevU/D1zdMiLFyJSQrkdULoNvBv4lCIUSBLoPs61EpDLbFUYTk164uDemRMsZMjoJIn/CmJkezmSZ5H0hJhUcQkjKrx/AaCEmob7dWVDCOSGGA35hBEnQnJJu6JPBnhYGQVGR5xW5bydTmErvCfWkSwJmQVOqSwEf17guh8+vZzcIF4B1fUdCdkGzqUtH1rxdySTUtg8isgpG9Yje4DooqCiEppmWq6JEKO4tCXQbQJst7ExwwcoGbHktIzqBw66r0r7clVUNI2k1tpqtyPVAlMNp1PceVMyE5U+sSfwYISXGXCvW71BmwhRijhVOHpH2+ELrMF/JGlCFTm+zGbFiHcfKUaR0YjIQkVFi9oJsvjIYJych8em5NbdJ0rQ8xwNtdahvZthOSimoYm44dJCSF03P9D2nF84p0dogVe8iY+EXu2M/YtUNSISQ/Ml/Ix2wrA7kdlhQxRgiBmPxX/zo5PKTHdUjytDTNFwYO84VtAshuHn1TmzDYLA+vJKqYRDo5LGFZZK4dkpXsY/H++ULZzcNqahOSvzlZ0mde70ZypXN7ciQh2ZsvbPqjLIRkpHfzKHQkUsS/LMssr6g3qawhWbkRkoY2w4LrkToQkjwKsFkGmdnURqrOgdYZpnAlJDV6pNTOdZiQ5PQJJ7cvf6YmUxttSZU7t4vpSxm4EJKKzVSnR2pJAFH3r1kGa7y9cDG1aUqq3LmdTvf4OsyPqkuy/sMwISlEISzrdxlO3E1tOiVOnkuvKMbJj2iYkCwFVq/tX4dWQlKS5SXNltx8FV87m9qondt0wwySee5ASCqsHoXrRkjyZdB6xeJdXg2Z2ihKnKyk8v093i7ywE5IylHk94VyhyQckAsPJ83WEdQ5SK12jyypa9zt2vKj/QuPICTptn8qHODxrx6JlA5pSGbrblcEtg9WQlLj5jFMSBaim0chwq3P578GTs/9E89apLDwdh5ZCMn+sSEYJCSFMVsYFV9l42B2hhwytRE1JNfynpPmMBQJSagQksfOFxatm0edqTeqYyHAzGLVUUMy6x2lcbLI36dHWvV0/2BnRMLCO9EchEHykFlPzwITM9X8fZyE0uB7NKhHmmn0SNtzXyGcngPtuR3Hv8p8wBKWcA5FeguwlhAuK5GJiczj/1+Pmi8sDbwIQIcF3TQZTs8svMHN2nDAA7vISEjKrJ7AR/V5+UAwSCJpFf4FjNxCsqu/JSiSSIqURJivjaRKXWVyW10SoghN/Vx9QjK8t1AM9blnVeZaDUmSS2FZvWJsoS0XubXN0KD/oBKSlVhS7+xEL0kKdkxW73huynJyAHa7922ovyiZ9qcAOv0HGyEZlEPeq/VhPpkXPSkJEqNXMERXgWunNkNZ/wHqjUhoXQn/cqL0ksOK+pfVTxCyjdbBlgldQr1lmvvC0nZfaCUkHa8Gyak4ORzYcXO5ro/KGLuxw1wnvE9ISq/nVv9BQ0iKr+fM/ZYCYfFByPlmw0RIiq/nIAicCMkjp7IAiBF5jutHMxCSyn2hAyFZl7L4jz8AveU6QrI3XzhISAbHu3S/r+kkrMw2BpOmnyvSzRdKhGT47RRw6+c6stsYRFI/l5GQnIHTwI3Rm8t8IUUYmQ/+5f5E4Y3jpHSdLzQTkuHlyeDG+KVwmy+MzITk3f5kcOsl92SwPe/mC1t/aT0fdbLFxgJ8NWQzpe1fFw7+J1tszWtZuij5ITMxTzp/aYmQDF/RSfHWGzWJkOxdlPT0SOUXyz2OT/twW9llX9W10yO1EJL7E8Pl+55em2F7UULhGgnJWxSfHPDPXpuhfF/IXn16QvLk4Y2pYgEjJCe6i5LAtLM4U3hJBlvvCy0kUn6O8NYB3syNU5qB6C+tHPxP+SaWAkzpiMH5wh4heabwEq93xWUI2uYLW0Ly/jzhJYflXKF1LfOFLSEZnim8NMBKt61lvrAhkcKzhZdojFn0SFM9H3W+8NKXnFmP1EBI3p4vvI3m/YAeqXTwP+2+17BNs+qRyoTkife9vX3wk57VU/xxWkIyO2t4qTm9EEUDHyUSkucNb0xcRzTdtlBzX0iX5i06M1ymGm65L5QJyf25wxtv22ZL8b7QQEhO0dnx4ofm1lX1x9EQkt/Oj5dO7Uj2wrI/jnjwvzv7aiMlbSFGUfDHqXodkpfIA7xEWFVi9SLTfGG4j33Au83Fdp4oMM4XznxIB5oQIqsHxflCsRMp/I68wAv+kXd8VMRFPfl8ocSkeJEOpATnmvnCqNcgd488wYtf2ihGgeAvLXci+VB8mxJ80UYx6vRI1Q5JEPvyoP4UQNC76fImHQT1xK7PlLGpwn3h79D6+G3Ps/a+UOyQDHJ/0oHugtX7QtLYLt4XepQOnT092zxCzX2hV+lQvzJ6/oVKV1vqVTrEKFr1+7lSwYjkFnmFF7xY5gvJS+S7X3jj65z2mZrmC73ZOwibSuN8YV0qLj0Lb4wXpCCU2vlCGGy++YaX2E1sjPOFc8/SgW4q5c5tcXC9msT+PQuxcxuK/VyTlXfpS46dTT9Xj4+q5o/+hRc8T6Cej5osQ+BhPiDx0k3Qf4iq1T3yEG/8pvSvd/eFn3zEC67uuk2OpEca7n0Mb5zkOn+cOrw58BIvCqHgXyjMF956mb5x/JNOacJuvpAPcn3xEy/4nDZzz60/TvSj9IFUNySwMKsq+ksDT/GioqdHSqDPPE3f+tTJunaa+cKI8VFfvMX7WZgvpOOQBHr2GPv6EEu7To804tCBt3jrCtyI57F2OQJ9irzFCxaCHmnE+ahbj/G+NSYzTaNXjfc/sb94n3N649LxUTX0vb944+0d46PS7r4wAx7jRXO5fz36LZLJf5aWglz/gfsXfvEZb3zV+hdyPurG5/RliqDSfGHuNV5mCybOF06B13jRhdLP5fVya7quBf7si+d4PyvzhY+x38+z3M+V7j3Hu5X1HzLgOd64kPylp8hzuOBB0H8o0nvf8dK5l07/4Z++pwM1OmT8GWnvfPQe77N0X+h7eWBv5GlzX+h/eYhRIdwXel8eqNFs1vrjXI4A71vU+EsHwacR4L2a8PnCuqh5Xx7IDmLS+EsHF/sR4N1OOn0uMAK8KGjnC2fxGJ5FO184gvJASSmeD5vvI8Jbh3f1bQzpAK4aPmr+OIr8fc65HumP/SjwbvOQ8mebEIwCL8r5feHdOPDGkN8XztAo4IIXfl94Pxa83B/ndiR4f3L+4ctI8H7meP82juUW/5fxJdnjSPA+8/juR4J3y/GOpPzGaGR4Y8ZHTdFY4vuD8lG3Y8ELFptx4X0jfNSI8L5QvP8aDd5r2r/+77GUBzIsUMd3LK830gYxKrwxHW4I9+PBSz1BwLjwXowHL6L8Qzyeh07ujQcuuqjxjuR0TAvag1/zsMN4C+8m9Own5JHFl+C9HBneT+PBiwne7yOK7+c0CL+N6H3x95Hhvarz4XFE+fC/NEi/AzwStBhdE+XE2aH+1RjQHlY56+eavPqOGGOULNr5wjT9SmKM/EUbU3cNQY80m6zJN+HjJpJYTF6wJmVhvjAMovUrwNi/tE12oV6PtLxZ1mnhUZCJIcVhGZatqquo/7CiU3uZN0EmeZDs5mEp2LmI+g9M84h0Ta1f8bkhEwfPZLegctqyvbDkj8NMbYp0cojPGWWSk7Qg6PRI074eaV3g7pbMWvUcOVtXr2UhWAMZ9EgjyScsLO+IteppM4N+2mEVlkIUoUGPNAoknzAi5FaWd2vuYHuK5UUCe1gVZZ7rbKak/nXRZj2TXLbTsl5/JJv/IGZAq2iy+5He0J+5ajNl1yPNZLlwWj3WBxpnjMGfCCuLK/mgO9gzSOr74wTVhimdM3+cCop2LivIdCCLLK+XILMK/j2hRuz7T+o3AsGWq7aa9Ue3di7CfCHpMGE2nhQgm3+64GW5mYZi4okpWYOHxt8YvDPWCLGg1jWLhZVsXyDpO91sLgQ33A2PIkVFMDbzkATTRcoGn6heIiS+s/RHwobrgydWXlIy0pXl1bwi+QFaFyfgnKXc9YmZVsEwLdlGJqMBrT/6gpdTMmXMoph2UYy4nw//ZSoGlMFNyXcFYfDE6wvrDg0K9o/mNepD0hRNlihyqqAmlsxvOk5qnLsldQKrq0Bdk1hAUxpQyANKPjpiOpNNFCPmgtLq99E/YXjZALX4JYmv/GXzp2WakTW8CDbL5ZqAPySJEtTXV/Lbux3x/1oRA8+Cv1B7nwvlLyPpy6j5n/8P6vERrXTt9ZIAAAAASUVORK5CYII=
5	Georgi	Baldjiev2	ssznakabg3	5fd924625f6ab16a19cc9807c7c506ae1813490e4ba675f843d5a10e0baacdb8	gbaldjiev2000@gmail.com	0	TTqEeaiE3xOHw3vppE5xZucCBnac1aiAxz6GCdY8oPW1ZettsHSEv5O6kEimgxix	\N	iVBORw0KGgoAAAANSUhEUgAAAV4AAAFeBAMAAAA/BWopAAAAGFBMVEXn5+dUWFn////19fXb29vi4uJFSUqWmJlAL7LBAAAcTElEQVR42rScTXPbOBKGEUrYXMPMDH1VSHt8dUh5c1VsKnNFxdQPUFXGvibOlv33F0A3PgmAlAUqFzOS4daL7gb6YYOkhteGwOv8y9t/Xn+V4vX62j9kHVle2u8wZl9S592D/Xv8g9bllbygVLzz+qt6fDxKex/5Dxev35uOv8esoSh1THCHgivq2HsY2dtIE+gBLlthETkciDC/gQ8emPw2DYx64H+UEgpX9Q1/i4pRt6/c2NJ+cZNf++6Wf57AwGIoccVwqM2B8ZGYGUp8m8PBWMXEn4YrYRX82ErTD2Bv20oV+MfEqGAvlfKSplX2ChEOcNWBCith7bH0X/z/Xu87KUyHQ0kNm8YaiuBQ7Q0MzJS98kpa1bRG307+KAbiH2w6pYJ4t21BBbCwg3FumZhFiiq04nfJzT9lwFq0+H8rPlRjhuK/3YGFt8J4pobqpHscwAE6UHEAezvjD8LCDaPDHlSQs0Z7IS9pYNgrfsWnfFD2SuOHPcjbbihZ3f6KWAtu8fpwU5uhhKA41Fb4BjFDiYH7nbaXe0MvnQBVlK7RgQPIgeCNesONF2GBKmx30sK+BRVuhKBDD6N2/HdX21+PZeJVPV7cw8D1di/l7dGXwAF6BgMLM4jQTVtFuPFi1lFFZkzvhbxMq7ATNq3hqtlKTZQKMGv88/JvcBVW71+S5gqFj3e1PVSvh5LyWoLSfg+CSnvXoGLXYXBqBxBvcEXRAbY9qACadLci1/F5AhXkrA09U77UvK+O5dSrAoPlUMImPRSTM6u+uhgY3NKoaNzyYBxAyssjCgWVDrBWDrABTbQDUCmvUuF6hrlocAMOsAYHkL5EXAeg4ACNUVG4JfqStFf+eAnyrlHQrQha0tsOgGGgVWBKhctZ5oLBaijbAdYqoqS9Ul7tACCvUlEkk7rVYeBGlFahQRV6UAGSn5wO+TeuXuaZyw1+Khrbl2AoPy/tLAe4BHkH45a41IkwoE4Y6IjCWZMDWSrI1UT8xV9zzeUGX7QwlB1RVM6scgCQVzvAXkS9o2JtTHfCgLC1iagNdcOAmjD4+ljOfz3+KYZaG18SX30PDmDnJWrykqui2j9w06kTUURFlJo1MZClggqD61PM5QY/b0BePRQd5SXq5CU5s1Zekq9+X6D/4/pS4HRhYBXo/yhGgctIz7ZVedqLx1yDQ/UwFJiG6ekeZ55B/HxH+SD7C6tkmuUTVODMY2AVOF0oRoFfH9PLA379/c3L8UR7qwv86kIVruQKZx4D6x5nPqQiA3uJyFviRzkQhZkvcLowsJQKUl5GlAoPX081l3vET0igIC/VX11ue/o7nHm5uIKK4k/jKl3In6T/F7gug7y0sFTgBloqUK1C057sDegRcig5sOUAMn4K5QCQngpcRsBGKvXVpoOgME8xB4B5QhVOSWWWR/wph4K81aMDtBhYBa5IRKsodWMQOOgPYLp2ACcMgipAGLQn5gaTI8Rvy4ExooQDQHrSDgDpyVJR/OmibnH5Fhmg1Q4wJwy4vC9vMpcvc3qoIZ6X1sG8JPxhYJYDCHl5zXRvHEBE4J2jAiST9vpYvtHgZ+kAzOSlNpyXmLIKk/RKfA5KnUIJChuzWBjAYipVaN4orxC4tVOqnFk/L0HgFI2Vl4jIS0SUn1REVKvCgCXDYMAwaD+/VV7uwR/qGuR1FiYrL0nvpYG8hGBBR9TOWlj4l/PCgKow4PJW5Rkv+Op+XnIXJhrKS+J/qRNRYmb2jgOEludz5OUe8dGkVCsv0fjyTFFFtYEwC4tMcGp5pl4YwDwVb08O+HqqJ/MSDeYlAvW02VlQFVGYBwPLswjO6+NZ9j4+38CU23mJW3hvO0AoLxHc91oRRUfLMzHLM4bBmfLyFHHjbPUwL7n7Mycv4fJMYhXPeJcqIJLa9n85T16Rg6MVDyF22WCqZ4tHteOKxy38ver54du59pY/mrl1o102EF3ysmjFgxDJVM/Ndluda255LCbqRmkV9apnGiv8B7fwd1Xo3p0tL+x6ghXP2nEAp3oGwhso/K8gsNy6b61UaF7ONlfuegJ1Iw3wKFM9WzzKL/xhGemC1fP1+fJyge88IIkkJlU9C3uRSA+wcwg7AKqgwuBzDnurP6QD0BCJYeHq+VKiYFP4ExtI+oW/FQYZ3EGucdN5abDzUi3YZo2C9kDMIoU/tSFSFncQDhEHkrWXl1rNyRWPcok0YNne4VE6DD7nsbf6UI9JzDqQl4iyytgrgCQlNpAkcSCZxx2EQ6i8RJ2FKcKjmhGPshcWFl2eL4+Z7BUZYoMbMwtI0uTyPI6oKJBEFT7lspfvgiEv0WReslSkeP9tvLCElmdUIZc7lOXFiXlJ73dsxD8BJOumymbvsVVAcogDSXd5JqcBSf4dvhyz2Vv9ngaSyKMo4hNyEpDkH1x9zWjvn+tJIGlVzwx4X6DwjwFJ/sFVPvflGW09CSSd6rlWZTWbBSSFCtsqo73H3RhINg6QtKker3ORR5F5QFJUzxndVzjwFJC0qmehYg3365lT+NMIkJTV87us9n6YAJJW9SxURB7F/00W/qhCkdN9uQO3E0DS5CWhouZR04W/urtRZbX3OCYxDpBUKsLuRthLZWfDHCAJKhyz2lvd2XmJBoCkoXrU5lHTQFIMRMn7zPY+20AywaOo5lGQ+aaBpFSBfM1s78ckkHRVxPWCmYUlAiQNlmV5w40HXDMBJFVeUjwKgYqOKBYAkiY7syq7vVN5yb9fyJz7hSEgabDssM5sLt6NS+WlDlS09jvrCSBphcGXY2Z7q+cJIKn3Z4woPjkDSML6MrTX2e39YwJIutUzmwkkVTvP37n9ofwQbefpxlRP9nPNAZJQBOzrb9nt/XGTBJKAnex+Ls2jEkBSY9mX7PY+bVTF0wWApFc9H3Qb5lWi8Bd1HyTAuspu79HUjQEgCfterSKz+rlSQFJ2r/KBNmX+1/0wu50n1c/lAEnJz/gnLo/Zza3ue7/P1AKSYxVj/VxEdbXZWPZ6AXt/mtYwDSSJk5dsquf1c4WBpG6Q+7SAvX8d4kAyQPXqGUBStC/L9PFpAf/9i8SB5KjblpE5HZIYBmz13wXs5QmYxYEk9ajeafcL8y8XZSUWjLn3CxmZAyQxDFheVqIXjJs0kOwD9wsjHZLE6xN9WMReyUKjQJIG+tfTQFI3ndNdtYC9xw2Jdm7rxl2zP4OFK1X4mzKlXcLeMgkkvXaeWvdzRYGkVfc1S5h7bJsEkHSq56KtCR5kiQNJyicAq+cltg9lWSSApK0iFSpyd4gX/k2H+14sUy6X8IfqLgEkLarHLB7FEkDSqp4X2O5IexNA0m8zlEe9WApI6jBYzN4EkDQqMuRRlMQ7JG0sK9LL9SL2PieApNvO8x37lZNAUmFZcdJiOXtdINkZIIkqMqR68mvEgSRV2VmuLwvq6wDJ2gKSQPWIonokDSTduxvL2TvmUS7VY4rqyTcSQJLafaLL2RsAkoyGTgHAG3EgCZkP8+Bi9rpAsnF5lE31xvcLXSBJneV5MXtHeYlKecdUb3y/0AWSamFpF7U3mJeGvXPXdYf3NyeAJNzXRbdayl4HSDYOkHQPwzS1e8B0BCRdfPJlEXt/p4Bk7/ZzmWPBE+cLZRZZRN/y96iPgZLJ84UxIGlOhfKBtovou1vsfOG6XMTeEZCkbzhf6Bb+kEW2i9Rvex9IUr9unHW+UO4c3DCgi9RvOx9IEhufkOT5Qh9IutXzahF9yRhI2ueePaqXBpK68JdhsAgvKTdpIOmd0kwCSWbwiVhfluI7LA4kfao3PmDqAEl9/B/Wl6V4VBxIulSPkjSQNO3WsvxbgvfJG0QWkEyfe6bBI9uR5Zke/rOAvf9SF0gyGm8zdPvXx0CSqjwIxwz3S/D1Dzd2Xgqee3bvFzZxIDmY4/9yoCXuX/z27hfScV4KPf8hCCStMJDH1ZaxN3yAoRvfL5QPZ3HOF9bpczwLbHiquySQtNt5qOrnigJJv51nvcD9zdYCksQHkqOyQfGzMJCs8cEqqu5bYkG2gSQdA0lz+jtwvtAHklbhLwdaYIF7ip4vZHPPF8aP/6/yLxj/Niedew6cL7SA5Kid513ugKs+OucLPSBpU721OV8YBZKjMHif3d7nOXnJOl8I8kaApC78FZbNby8+RigKJEFFpqge8Qp/F0iOjv9nT2h4bC8OJL1uW0hYMSA54vLZE8STzksRINn4z3+AB+CEgaTi8rrbNnuC+GHyUhhIOlQP+VkUSOJTMKxu28wJQhxxSQJJr9u2RnkjQBKWZzqY5TkzkgJYnQCS3vKs+u1ZGEjCUzCoeQpGbgQh2ycTQNLrtjX7nTCQDPSJLta/TlN5SXfbKn4WBpKB2+ZZA676MQEkUT7rOXzO+UILSMYez5S3JPo4ASRj5wsDQNIp/KmunrPeg6vu0kDSOffsnS8kfiNK+IFnWVsSjzOAZOx8IZ15vvBb1tViCkiOqF4SSPphIIzP6cAfZwDJwPnCKJB0jv+jChkd+PFuBpAcRs9/iAPJULt185JxszMDSNpUj5E0kAwes/12zJZ9ZwDJIfY80hCQDLZbZ4Mm1fMkkPSpnvU80hCQtJ9HqrvarnJlNIEeZualZsSjgkByCIVB+5LNHUIdkrG85D2PNAgkg2GQ6xCGcIfIuWfneaTUqOg+jzQAJPVjee0wuHrM4w5FqEMympfU/cImCiR1GLReGGR6XkWoQ3J8/N9bnimbKPzp6Lb5Q5Yi4/HnMOeBZ147z2nnC1GMLkeGOO5CHZKxsoEh1YPzhVEgGWznYasMS0Z1sQ53SNpActzOA+cLh3jh77bzQBYpMmSI6ufgn3tm4fOFjfs80iSQjLTznB9x1ROd/SDG/1d3PW9t61jUxfGwxR1G3lI7HbYeOwzblCRkq1Jn3lrfMMoWSpr8+2P9sC3JkqxAm8j+3qK0r83hcnUtHd17jnh6pvOFlfN8IRP3XhQfllwB1xP60RZCUtvOc+R8YROFD4tWoLkjIZkp84VCo7COkGSy8VIUKLn9wblecB1JQoxmQjJjc8+c1Wv6sG0Hf6iT5Z197B2HH5gO/yAhqbB6TR+2Rf8hUNoauXjeh0oa2GaOhGQm1aVC1H/QEpLKMmiLSXb7kQCjn6kixOhUl55KrkdqISQDRZa3UU8s9ugD4SUjxZELIanUJf19oUhIQpMe6RR/JLwDQoyBqc2Qy2uYCUllGXS3ptm7Mxg8p9IAg4WQ7KVlEGgISUGWF5pled9NrSLSYQ8dCUmlLpnmC1XVfM2Y7XuVeGjtdSMkZ4HiYyHMF0a2g7/q5kGD8c4Aozl0FTyTjw2pos+lJyRl2Tepnef+PUsO7yJxZHuQkGzdPET+zEJIWrpt03fUNJAEAyceiZCMFDePo+YL5dPzZFkcP1AE0LyiGzNnQrLSzxcGtoP/VFoGZbcMjs6IOhuOIyTt84U6QtLczpMevU/D1zdMiLFyJSQrkdULoNvBv4lCIUSBLoPs61EpDLbFUYTk164uDemRMsZMjoJIn/CmJkezmSZ5H0hJhUcQkjKrx/AaCEmob7dWVDCOSGGA35hBEnQnJJu6JPBnhYGQVGR5xW5bydTmErvCfWkSwJmQVOqSwEf17guh8+vZzcIF4B1fUdCdkGzqUtH1rxdySTUtg8isgpG9Yje4DooqCiEppmWq6JEKO4tCXQbQJst7ExwwcoGbHktIzqBw66r0r7clVUNI2k1tpqtyPVAlMNp1PceVMyE5U+sSfwYISXGXCvW71BmwhRijhVOHpH2+ELrMF/JGlCFTm+zGbFiHcfKUaR0YjIQkVFi9oJsvjIYJych8em5NbdJ0rQ8xwNtdahvZthOSimoYm44dJCSF03P9D2nF84p0dogVe8iY+EXu2M/YtUNSISQ/Ml/Ix2wrA7kdlhQxRgiBmPxX/zo5PKTHdUjytDTNFwYO84VtAshuHn1TmzDYLA+vJKqYRDo5LGFZZK4dkpXsY/H++ULZzcNqahOSvzlZ0mde70ZypXN7ciQh2ZsvbPqjLIRkpHfzKHQkUsS/LMssr6g3qawhWbkRkoY2w4LrkToQkjwKsFkGmdnURqrOgdYZpnAlJDV6pNTOdZiQ5PQJJ7cvf6YmUxttSZU7t4vpSxm4EJKKzVSnR2pJAFH3r1kGa7y9cDG1aUqq3LmdTvf4OsyPqkuy/sMwISlEISzrdxlO3E1tOiVOnkuvKMbJj2iYkCwFVq/tX4dWQlKS5SXNltx8FV87m9qondt0wwySee5ASCqsHoXrRkjyZdB6xeJdXg2Z2ihKnKyk8v093i7ywE5IylHk94VyhyQckAsPJ83WEdQ5SK12jyypa9zt2vKj/QuPICTptn8qHODxrx6JlA5pSGbrblcEtg9WQlLj5jFMSBaim0chwq3P578GTs/9E89apLDwdh5ZCMn+sSEYJCSFMVsYFV9l42B2hhwytRE1JNfynpPmMBQJSagQksfOFxatm0edqTeqYyHAzGLVUUMy6x2lcbLI36dHWvV0/2BnRMLCO9EchEHykFlPzwITM9X8fZyE0uB7NKhHmmn0SNtzXyGcngPtuR3Hv8p8wBKWcA5FeguwlhAuK5GJiczj/1+Pmi8sDbwIQIcF3TQZTs8svMHN2nDAA7vISEjKrJ7AR/V5+UAwSCJpFf4FjNxCsqu/JSiSSIqURJivjaRKXWVyW10SoghN/Vx9QjK8t1AM9blnVeZaDUmSS2FZvWJsoS0XubXN0KD/oBKSlVhS7+xEL0kKdkxW73huynJyAHa7922ovyiZ9qcAOv0HGyEZlEPeq/VhPpkXPSkJEqNXMERXgWunNkNZ/wHqjUhoXQn/cqL0ksOK+pfVTxCyjdbBlgldQr1lmvvC0nZfaCUkHa8Gyak4ORzYcXO5ro/KGLuxw1wnvE9ISq/nVv9BQ0iKr+fM/ZYCYfFByPlmw0RIiq/nIAicCMkjp7IAiBF5jutHMxCSyn2hAyFZl7L4jz8AveU6QrI3XzhISAbHu3S/r+kkrMw2BpOmnyvSzRdKhGT47RRw6+c6stsYRFI/l5GQnIHTwI3Rm8t8IUUYmQ/+5f5E4Y3jpHSdLzQTkuHlyeDG+KVwmy+MzITk3f5kcOsl92SwPe/mC1t/aT0fdbLFxgJ8NWQzpe1fFw7+J1tszWtZuij5ITMxTzp/aYmQDF/RSfHWGzWJkOxdlPT0SOUXyz2OT/twW9llX9W10yO1EJL7E8Pl+55em2F7UULhGgnJWxSfHPDPXpuhfF/IXn16QvLk4Y2pYgEjJCe6i5LAtLM4U3hJBlvvCy0kUn6O8NYB3syNU5qB6C+tHPxP+SaWAkzpiMH5wh4heabwEq93xWUI2uYLW0Ly/jzhJYflXKF1LfOFLSEZnim8NMBKt61lvrAhkcKzhZdojFn0SFM9H3W+8NKXnFmP1EBI3p4vvI3m/YAeqXTwP+2+17BNs+qRyoTkife9vX3wk57VU/xxWkIyO2t4qTm9EEUDHyUSkucNb0xcRzTdtlBzX0iX5i06M1ymGm65L5QJyf25wxtv22ZL8b7QQEhO0dnx4ofm1lX1x9EQkt/Oj5dO7Uj2wrI/jnjwvzv7aiMlbSFGUfDHqXodkpfIA7xEWFVi9SLTfGG4j33Au83Fdp4oMM4XznxIB5oQIqsHxflCsRMp/I68wAv+kXd8VMRFPfl8ocSkeJEOpATnmvnCqNcgd488wYtf2ihGgeAvLXci+VB8mxJ80UYx6vRI1Q5JEPvyoP4UQNC76fImHQT1xK7PlLGpwn3h79D6+G3Ps/a+UOyQDHJ/0oHugtX7QtLYLt4XepQOnT092zxCzX2hV+lQvzJ6/oVKV1vqVTrEKFr1+7lSwYjkFnmFF7xY5gvJS+S7X3jj65z2mZrmC73ZOwibSuN8YV0qLj0Lb4wXpCCU2vlCGGy++YaX2E1sjPOFc8/SgW4q5c5tcXC9msT+PQuxcxuK/VyTlXfpS46dTT9Xj4+q5o/+hRc8T6Cej5osQ+BhPiDx0k3Qf4iq1T3yEG/8pvSvd/eFn3zEC67uuk2OpEca7n0Mb5zkOn+cOrw58BIvCqHgXyjMF956mb5x/JNOacJuvpAPcn3xEy/4nDZzz60/TvSj9IFUNySwMKsq+ksDT/GioqdHSqDPPE3f+tTJunaa+cKI8VFfvMX7WZgvpOOQBHr2GPv6EEu7To804tCBt3jrCtyI57F2OQJ9irzFCxaCHmnE+ahbj/G+NSYzTaNXjfc/sb94n3N649LxUTX0vb944+0d46PS7r4wAx7jRXO5fz36LZLJf5aWglz/gfsXfvEZb3zV+hdyPurG5/RliqDSfGHuNV5mCybOF06B13jRhdLP5fVya7quBf7si+d4PyvzhY+x38+z3M+V7j3Hu5X1HzLgOd64kPylp8hzuOBB0H8o0nvf8dK5l07/4Z++pwM1OmT8GWnvfPQe77N0X+h7eWBv5GlzX+h/eYhRIdwXel8eqNFs1vrjXI4A71vU+EsHwacR4L2a8PnCuqh5Xx7IDmLS+EsHF/sR4N1OOn0uMAK8KGjnC2fxGJ5FO184gvJASSmeD5vvI8Jbh3f1bQzpAK4aPmr+OIr8fc65HumP/SjwbvOQ8mebEIwCL8r5feHdOPDGkN8XztAo4IIXfl94Pxa83B/ndiR4f3L+4ctI8H7meP82juUW/5fxJdnjSPA+8/juR4J3y/GOpPzGaGR4Y8ZHTdFY4vuD8lG3Y8ELFptx4X0jfNSI8L5QvP8aDd5r2r/+77GUBzIsUMd3LK830gYxKrwxHW4I9+PBSz1BwLjwXowHL6L8Qzyeh07ujQcuuqjxjuR0TAvag1/zsMN4C+8m9Own5JHFl+C9HBneT+PBiwne7yOK7+c0CL+N6H3x95Hhvarz4XFE+fC/NEi/AzwStBhdE+XE2aH+1RjQHlY56+eavPqOGGOULNr5wjT9SmKM/EUbU3cNQY80m6zJN+HjJpJYTF6wJmVhvjAMovUrwNi/tE12oV6PtLxZ1mnhUZCJIcVhGZatqquo/7CiU3uZN0EmeZDs5mEp2LmI+g9M84h0Ta1f8bkhEwfPZLegctqyvbDkj8NMbYp0cojPGWWSk7Qg6PRI074eaV3g7pbMWvUcOVtXr2UhWAMZ9EgjyScsLO+IteppM4N+2mEVlkIUoUGPNAoknzAi5FaWd2vuYHuK5UUCe1gVZZ7rbKak/nXRZj2TXLbTsl5/JJv/IGZAq2iy+5He0J+5ajNl1yPNZLlwWj3WBxpnjMGfCCuLK/mgO9gzSOr74wTVhimdM3+cCop2LivIdCCLLK+XILMK/j2hRuz7T+o3AsGWq7aa9Ue3di7CfCHpMGE2nhQgm3+64GW5mYZi4okpWYOHxt8YvDPWCLGg1jWLhZVsXyDpO91sLgQ33A2PIkVFMDbzkATTRcoGn6heIiS+s/RHwobrgydWXlIy0pXl1bwi+QFaFyfgnKXc9YmZVsEwLdlGJqMBrT/6gpdTMmXMoph2UYy4nw//ZSoGlMFNyXcFYfDE6wvrDg0K9o/mNepD0hRNlihyqqAmlsxvOk5qnLsldQKrq0Bdk1hAUxpQyANKPjpiOpNNFCPmgtLq99E/YXjZALX4JYmv/GXzp2WakTW8CDbL5ZqAPySJEtTXV/Lbux3x/1oRA8+Cv1B7nwvlLyPpy6j5n/8P6vERrXTt9ZIAAAAASUVORK5CYII=
8	asdasdsdasd	asdasdasdasdasd	asdasdasdasd	a665a45920422f9d417e4867efdc4fb8a04a1f3fff1fa07e998e86f7f7a27ae3	asdasdasdasd@gmail.com	0	2eKTGgrvqSwRBhoECB8l9MzLn3pnxFXGztQz5MdVmg6v7DvllCLHXDTsrFbf4ke4	\N	iVBORw0KGgoAAAANSUhEUgAAAV4AAAFeBAMAAAA/BWopAAAAGFBMVEXn5+dUWFn////19fXb29vi4uJFSUqWmJlAL7LBAAAcTElEQVR42rScTXPbOBKGEUrYXMPMDH1VSHt8dUh5c1VsKnNFxdQPUFXGvibOlv33F0A3PgmAlAUqFzOS4daL7gb6YYOkhteGwOv8y9t/Xn+V4vX62j9kHVle2u8wZl9S592D/Xv8g9bllbygVLzz+qt6fDxKex/5Dxev35uOv8esoSh1THCHgivq2HsY2dtIE+gBLlthETkciDC/gQ8emPw2DYx64H+UEgpX9Q1/i4pRt6/c2NJ+cZNf++6Wf57AwGIoccVwqM2B8ZGYGUp8m8PBWMXEn4YrYRX82ErTD2Bv20oV+MfEqGAvlfKSplX2ChEOcNWBCith7bH0X/z/Xu87KUyHQ0kNm8YaiuBQ7Q0MzJS98kpa1bRG307+KAbiH2w6pYJ4t21BBbCwg3FumZhFiiq04nfJzT9lwFq0+H8rPlRjhuK/3YGFt8J4pobqpHscwAE6UHEAezvjD8LCDaPDHlSQs0Z7IS9pYNgrfsWnfFD2SuOHPcjbbihZ3f6KWAtu8fpwU5uhhKA41Fb4BjFDiYH7nbaXe0MvnQBVlK7RgQPIgeCNesONF2GBKmx30sK+BRVuhKBDD6N2/HdX21+PZeJVPV7cw8D1di/l7dGXwAF6BgMLM4jQTVtFuPFi1lFFZkzvhbxMq7ATNq3hqtlKTZQKMGv88/JvcBVW71+S5gqFj3e1PVSvh5LyWoLSfg+CSnvXoGLXYXBqBxBvcEXRAbY9qACadLci1/F5AhXkrA09U77UvK+O5dSrAoPlUMImPRSTM6u+uhgY3NKoaNzyYBxAyssjCgWVDrBWDrABTbQDUCmvUuF6hrlocAMOsAYHkL5EXAeg4ACNUVG4JfqStFf+eAnyrlHQrQha0tsOgGGgVWBKhctZ5oLBaijbAdYqoqS9Ul7tACCvUlEkk7rVYeBGlFahQRV6UAGSn5wO+TeuXuaZyw1+Khrbl2AoPy/tLAe4BHkH45a41IkwoE4Y6IjCWZMDWSrI1UT8xV9zzeUGX7QwlB1RVM6scgCQVzvAXkS9o2JtTHfCgLC1iagNdcOAmjD4+ljOfz3+KYZaG18SX30PDmDnJWrykqui2j9w06kTUURFlJo1MZClggqD61PM5QY/b0BePRQd5SXq5CU5s1Zekq9+X6D/4/pS4HRhYBXo/yhGgctIz7ZVedqLx1yDQ/UwFJiG6ekeZ55B/HxH+SD7C6tkmuUTVODMY2AVOF0oRoFfH9PLA379/c3L8UR7qwv86kIVruQKZx4D6x5nPqQiA3uJyFviRzkQhZkvcLowsJQKUl5GlAoPX081l3vET0igIC/VX11ue/o7nHm5uIKK4k/jKl3In6T/F7gug7y0sFTgBloqUK1C057sDegRcig5sOUAMn4K5QCQngpcRsBGKvXVpoOgME8xB4B5QhVOSWWWR/wph4K81aMDtBhYBa5IRKsodWMQOOgPYLp2ACcMgipAGLQn5gaTI8Rvy4ExooQDQHrSDgDpyVJR/OmibnH5Fhmg1Q4wJwy4vC9vMpcvc3qoIZ6X1sG8JPxhYJYDCHl5zXRvHEBE4J2jAiST9vpYvtHgZ+kAzOSlNpyXmLIKk/RKfA5KnUIJChuzWBjAYipVaN4orxC4tVOqnFk/L0HgFI2Vl4jIS0SUn1REVKvCgCXDYMAwaD+/VV7uwR/qGuR1FiYrL0nvpYG8hGBBR9TOWlj4l/PCgKow4PJW5Rkv+Op+XnIXJhrKS+J/qRNRYmb2jgOEludz5OUe8dGkVCsv0fjyTFFFtYEwC4tMcGp5pl4YwDwVb08O+HqqJ/MSDeYlAvW02VlQFVGYBwPLswjO6+NZ9j4+38CU23mJW3hvO0AoLxHc91oRRUfLMzHLM4bBmfLyFHHjbPUwL7n7Mycv4fJMYhXPeJcqIJLa9n85T16Rg6MVDyF22WCqZ4tHteOKxy38ver54du59pY/mrl1o102EF3ysmjFgxDJVM/Ndluda255LCbqRmkV9apnGiv8B7fwd1Xo3p0tL+x6ghXP2nEAp3oGwhso/K8gsNy6b61UaF7ONlfuegJ1Iw3wKFM9WzzKL/xhGemC1fP1+fJyge88IIkkJlU9C3uRSA+wcwg7AKqgwuBzDnurP6QD0BCJYeHq+VKiYFP4ExtI+oW/FQYZ3EGucdN5abDzUi3YZo2C9kDMIoU/tSFSFncQDhEHkrWXl1rNyRWPcok0YNne4VE6DD7nsbf6UI9JzDqQl4iyytgrgCQlNpAkcSCZxx2EQ6i8RJ2FKcKjmhGPshcWFl2eL4+Z7BUZYoMbMwtI0uTyPI6oKJBEFT7lspfvgiEv0WReslSkeP9tvLCElmdUIZc7lOXFiXlJ73dsxD8BJOumymbvsVVAcogDSXd5JqcBSf4dvhyz2Vv9ngaSyKMo4hNyEpDkH1x9zWjvn+tJIGlVzwx4X6DwjwFJ/sFVPvflGW09CSSd6rlWZTWbBSSFCtsqo73H3RhINg6QtKker3ORR5F5QFJUzxndVzjwFJC0qmehYg3365lT+NMIkJTV87us9n6YAJJW9SxURB7F/00W/qhCkdN9uQO3E0DS5CWhouZR04W/urtRZbX3OCYxDpBUKsLuRthLZWfDHCAJKhyz2lvd2XmJBoCkoXrU5lHTQFIMRMn7zPY+20AywaOo5lGQ+aaBpFSBfM1s78ckkHRVxPWCmYUlAiQNlmV5w40HXDMBJFVeUjwKgYqOKBYAkiY7syq7vVN5yb9fyJz7hSEgabDssM5sLt6NS+WlDlS09jvrCSBphcGXY2Z7q+cJIKn3Z4woPjkDSML6MrTX2e39YwJIutUzmwkkVTvP37n9ofwQbefpxlRP9nPNAZJQBOzrb9nt/XGTBJKAnex+Ls2jEkBSY9mX7PY+bVTF0wWApFc9H3Qb5lWi8Bd1HyTAuspu79HUjQEgCfterSKz+rlSQFJ2r/KBNmX+1/0wu50n1c/lAEnJz/gnLo/Zza3ue7/P1AKSYxVj/VxEdbXZWPZ6AXt/mtYwDSSJk5dsquf1c4WBpG6Q+7SAvX8d4kAyQPXqGUBStC/L9PFpAf/9i8SB5KjblpE5HZIYBmz13wXs5QmYxYEk9ajeafcL8y8XZSUWjLn3CxmZAyQxDFheVqIXjJs0kOwD9wsjHZLE6xN9WMReyUKjQJIG+tfTQFI3ndNdtYC9xw2Jdm7rxl2zP4OFK1X4mzKlXcLeMgkkvXaeWvdzRYGkVfc1S5h7bJsEkHSq56KtCR5kiQNJyicAq+cltg9lWSSApK0iFSpyd4gX/k2H+14sUy6X8IfqLgEkLarHLB7FEkDSqp4X2O5IexNA0m8zlEe9WApI6jBYzN4EkDQqMuRRlMQ7JG0sK9LL9SL2PieApNvO8x37lZNAUmFZcdJiOXtdINkZIIkqMqR68mvEgSRV2VmuLwvq6wDJ2gKSQPWIonokDSTduxvL2TvmUS7VY4rqyTcSQJLafaLL2RsAkoyGTgHAG3EgCZkP8+Bi9rpAsnF5lE31xvcLXSBJneV5MXtHeYlKecdUb3y/0AWSamFpF7U3mJeGvXPXdYf3NyeAJNzXRbdayl4HSDYOkHQPwzS1e8B0BCRdfPJlEXt/p4Bk7/ZzmWPBE+cLZRZZRN/y96iPgZLJ84UxIGlOhfKBtovou1vsfOG6XMTeEZCkbzhf6Bb+kEW2i9Rvex9IUr9unHW+UO4c3DCgi9RvOx9IEhufkOT5Qh9IutXzahF9yRhI2ueePaqXBpK68JdhsAgvKTdpIOmd0kwCSWbwiVhfluI7LA4kfao3PmDqAEl9/B/Wl6V4VBxIulSPkjSQNO3WsvxbgvfJG0QWkEyfe6bBI9uR5Zke/rOAvf9SF0gyGm8zdPvXx0CSqjwIxwz3S/D1Dzd2Xgqee3bvFzZxIDmY4/9yoCXuX/z27hfScV4KPf8hCCStMJDH1ZaxN3yAoRvfL5QPZ3HOF9bpczwLbHiquySQtNt5qOrnigJJv51nvcD9zdYCksQHkqOyQfGzMJCs8cEqqu5bYkG2gSQdA0lz+jtwvtAHklbhLwdaYIF7ip4vZHPPF8aP/6/yLxj/Niedew6cL7SA5Kid513ugKs+OucLPSBpU721OV8YBZKjMHif3d7nOXnJOl8I8kaApC78FZbNby8+RigKJEFFpqge8Qp/F0iOjv9nT2h4bC8OJL1uW0hYMSA54vLZE8STzksRINn4z3+AB+CEgaTi8rrbNnuC+GHyUhhIOlQP+VkUSOJTMKxu28wJQhxxSQJJr9u2RnkjQBKWZzqY5TkzkgJYnQCS3vKs+u1ZGEjCUzCoeQpGbgQh2ycTQNLrtjX7nTCQDPSJLta/TlN5SXfbKn4WBpKB2+ZZA676MQEkUT7rOXzO+UILSMYez5S3JPo4ASRj5wsDQNIp/KmunrPeg6vu0kDSOffsnS8kfiNK+IFnWVsSjzOAZOx8IZ15vvBb1tViCkiOqF4SSPphIIzP6cAfZwDJwPnCKJB0jv+jChkd+PFuBpAcRs9/iAPJULt185JxszMDSNpUj5E0kAwes/12zJZ9ZwDJIfY80hCQDLZbZ4Mm1fMkkPSpnvU80hCQtJ9HqrvarnJlNIEeZualZsSjgkByCIVB+5LNHUIdkrG85D2PNAgkg2GQ6xCGcIfIuWfneaTUqOg+jzQAJPVjee0wuHrM4w5FqEMympfU/cImCiR1GLReGGR6XkWoQ3J8/N9bnimbKPzp6Lb5Q5Yi4/HnMOeBZ147z2nnC1GMLkeGOO5CHZKxsoEh1YPzhVEgGWznYasMS0Z1sQ53SNpActzOA+cLh3jh77bzQBYpMmSI6ufgn3tm4fOFjfs80iSQjLTznB9x1ROd/SDG/1d3PW9t61jUxfGwxR1G3lI7HbYeOwzblCRkq1Jn3lrfMMoWSpr8+2P9sC3JkqxAm8j+3qK0r83hcnUtHd17jnh6pvOFlfN8IRP3XhQfllwB1xP60RZCUtvOc+R8YROFD4tWoLkjIZkp84VCo7COkGSy8VIUKLn9wblecB1JQoxmQjJjc8+c1Wv6sG0Hf6iT5Z197B2HH5gO/yAhqbB6TR+2Rf8hUNoauXjeh0oa2GaOhGQm1aVC1H/QEpLKMmiLSXb7kQCjn6kixOhUl55KrkdqISQDRZa3UU8s9ugD4SUjxZELIanUJf19oUhIQpMe6RR/JLwDQoyBqc2Qy2uYCUllGXS3ptm7Mxg8p9IAg4WQ7KVlEGgISUGWF5pled9NrSLSYQ8dCUmlLpnmC1XVfM2Y7XuVeGjtdSMkZ4HiYyHMF0a2g7/q5kGD8c4Aozl0FTyTjw2pos+lJyRl2Tepnef+PUsO7yJxZHuQkGzdPET+zEJIWrpt03fUNJAEAyceiZCMFDePo+YL5dPzZFkcP1AE0LyiGzNnQrLSzxcGtoP/VFoGZbcMjs6IOhuOIyTt84U6QtLczpMevU/D1zdMiLFyJSQrkdULoNvBv4lCIUSBLoPs61EpDLbFUYTk164uDemRMsZMjoJIn/CmJkezmSZ5H0hJhUcQkjKrx/AaCEmob7dWVDCOSGGA35hBEnQnJJu6JPBnhYGQVGR5xW5bydTmErvCfWkSwJmQVOqSwEf17guh8+vZzcIF4B1fUdCdkGzqUtH1rxdySTUtg8isgpG9Yje4DooqCiEppmWq6JEKO4tCXQbQJst7ExwwcoGbHktIzqBw66r0r7clVUNI2k1tpqtyPVAlMNp1PceVMyE5U+sSfwYISXGXCvW71BmwhRijhVOHpH2+ELrMF/JGlCFTm+zGbFiHcfKUaR0YjIQkVFi9oJsvjIYJych8em5NbdJ0rQ8xwNtdahvZthOSimoYm44dJCSF03P9D2nF84p0dogVe8iY+EXu2M/YtUNSISQ/Ml/Ix2wrA7kdlhQxRgiBmPxX/zo5PKTHdUjytDTNFwYO84VtAshuHn1TmzDYLA+vJKqYRDo5LGFZZK4dkpXsY/H++ULZzcNqahOSvzlZ0mde70ZypXN7ciQh2ZsvbPqjLIRkpHfzKHQkUsS/LMssr6g3qawhWbkRkoY2w4LrkToQkjwKsFkGmdnURqrOgdYZpnAlJDV6pNTOdZiQ5PQJJ7cvf6YmUxttSZU7t4vpSxm4EJKKzVSnR2pJAFH3r1kGa7y9cDG1aUqq3LmdTvf4OsyPqkuy/sMwISlEISzrdxlO3E1tOiVOnkuvKMbJj2iYkCwFVq/tX4dWQlKS5SXNltx8FV87m9qondt0wwySee5ASCqsHoXrRkjyZdB6xeJdXg2Z2ihKnKyk8v093i7ywE5IylHk94VyhyQckAsPJ83WEdQ5SK12jyypa9zt2vKj/QuPICTptn8qHODxrx6JlA5pSGbrblcEtg9WQlLj5jFMSBaim0chwq3P578GTs/9E89apLDwdh5ZCMn+sSEYJCSFMVsYFV9l42B2hhwytRE1JNfynpPmMBQJSagQksfOFxatm0edqTeqYyHAzGLVUUMy6x2lcbLI36dHWvV0/2BnRMLCO9EchEHykFlPzwITM9X8fZyE0uB7NKhHmmn0SNtzXyGcngPtuR3Hv8p8wBKWcA5FeguwlhAuK5GJiczj/1+Pmi8sDbwIQIcF3TQZTs8svMHN2nDAA7vISEjKrJ7AR/V5+UAwSCJpFf4FjNxCsqu/JSiSSIqURJivjaRKXWVyW10SoghN/Vx9QjK8t1AM9blnVeZaDUmSS2FZvWJsoS0XubXN0KD/oBKSlVhS7+xEL0kKdkxW73huynJyAHa7922ovyiZ9qcAOv0HGyEZlEPeq/VhPpkXPSkJEqNXMERXgWunNkNZ/wHqjUhoXQn/cqL0ksOK+pfVTxCyjdbBlgldQr1lmvvC0nZfaCUkHa8Gyak4ORzYcXO5ro/KGLuxw1wnvE9ISq/nVv9BQ0iKr+fM/ZYCYfFByPlmw0RIiq/nIAicCMkjp7IAiBF5jutHMxCSyn2hAyFZl7L4jz8AveU6QrI3XzhISAbHu3S/r+kkrMw2BpOmnyvSzRdKhGT47RRw6+c6stsYRFI/l5GQnIHTwI3Rm8t8IUUYmQ/+5f5E4Y3jpHSdLzQTkuHlyeDG+KVwmy+MzITk3f5kcOsl92SwPe/mC1t/aT0fdbLFxgJ8NWQzpe1fFw7+J1tszWtZuij5ITMxTzp/aYmQDF/RSfHWGzWJkOxdlPT0SOUXyz2OT/twW9llX9W10yO1EJL7E8Pl+55em2F7UULhGgnJWxSfHPDPXpuhfF/IXn16QvLk4Y2pYgEjJCe6i5LAtLM4U3hJBlvvCy0kUn6O8NYB3syNU5qB6C+tHPxP+SaWAkzpiMH5wh4heabwEq93xWUI2uYLW0Ly/jzhJYflXKF1LfOFLSEZnim8NMBKt61lvrAhkcKzhZdojFn0SFM9H3W+8NKXnFmP1EBI3p4vvI3m/YAeqXTwP+2+17BNs+qRyoTkife9vX3wk57VU/xxWkIyO2t4qTm9EEUDHyUSkucNb0xcRzTdtlBzX0iX5i06M1ymGm65L5QJyf25wxtv22ZL8b7QQEhO0dnx4ofm1lX1x9EQkt/Oj5dO7Uj2wrI/jnjwvzv7aiMlbSFGUfDHqXodkpfIA7xEWFVi9SLTfGG4j33Au83Fdp4oMM4XznxIB5oQIqsHxflCsRMp/I68wAv+kXd8VMRFPfl8ocSkeJEOpATnmvnCqNcgd488wYtf2ihGgeAvLXci+VB8mxJ80UYx6vRI1Q5JEPvyoP4UQNC76fImHQT1xK7PlLGpwn3h79D6+G3Ps/a+UOyQDHJ/0oHugtX7QtLYLt4XepQOnT092zxCzX2hV+lQvzJ6/oVKV1vqVTrEKFr1+7lSwYjkFnmFF7xY5gvJS+S7X3jj65z2mZrmC73ZOwibSuN8YV0qLj0Lb4wXpCCU2vlCGGy++YaX2E1sjPOFc8/SgW4q5c5tcXC9msT+PQuxcxuK/VyTlXfpS46dTT9Xj4+q5o/+hRc8T6Cej5osQ+BhPiDx0k3Qf4iq1T3yEG/8pvSvd/eFn3zEC67uuk2OpEca7n0Mb5zkOn+cOrw58BIvCqHgXyjMF956mb5x/JNOacJuvpAPcn3xEy/4nDZzz60/TvSj9IFUNySwMKsq+ksDT/GioqdHSqDPPE3f+tTJunaa+cKI8VFfvMX7WZgvpOOQBHr2GPv6EEu7To804tCBt3jrCtyI57F2OQJ9irzFCxaCHmnE+ahbj/G+NSYzTaNXjfc/sb94n3N649LxUTX0vb944+0d46PS7r4wAx7jRXO5fz36LZLJf5aWglz/gfsXfvEZb3zV+hdyPurG5/RliqDSfGHuNV5mCybOF06B13jRhdLP5fVya7quBf7si+d4PyvzhY+x38+z3M+V7j3Hu5X1HzLgOd64kPylp8hzuOBB0H8o0nvf8dK5l07/4Z++pwM1OmT8GWnvfPQe77N0X+h7eWBv5GlzX+h/eYhRIdwXel8eqNFs1vrjXI4A71vU+EsHwacR4L2a8PnCuqh5Xx7IDmLS+EsHF/sR4N1OOn0uMAK8KGjnC2fxGJ5FO184gvJASSmeD5vvI8Jbh3f1bQzpAK4aPmr+OIr8fc65HumP/SjwbvOQ8mebEIwCL8r5feHdOPDGkN8XztAo4IIXfl94Pxa83B/ndiR4f3L+4ctI8H7meP82juUW/5fxJdnjSPA+8/juR4J3y/GOpPzGaGR4Y8ZHTdFY4vuD8lG3Y8ELFptx4X0jfNSI8L5QvP8aDd5r2r/+77GUBzIsUMd3LK830gYxKrwxHW4I9+PBSz1BwLjwXowHL6L8Qzyeh07ujQcuuqjxjuR0TAvag1/zsMN4C+8m9Own5JHFl+C9HBneT+PBiwne7yOK7+c0CL+N6H3x95Hhvarz4XFE+fC/NEi/AzwStBhdE+XE2aH+1RjQHlY56+eavPqOGGOULNr5wjT9SmKM/EUbU3cNQY80m6zJN+HjJpJYTF6wJmVhvjAMovUrwNi/tE12oV6PtLxZ1mnhUZCJIcVhGZatqquo/7CiU3uZN0EmeZDs5mEp2LmI+g9M84h0Ta1f8bkhEwfPZLegctqyvbDkj8NMbYp0cojPGWWSk7Qg6PRI074eaV3g7pbMWvUcOVtXr2UhWAMZ9EgjyScsLO+IteppM4N+2mEVlkIUoUGPNAoknzAi5FaWd2vuYHuK5UUCe1gVZZ7rbKak/nXRZj2TXLbTsl5/JJv/IGZAq2iy+5He0J+5ajNl1yPNZLlwWj3WBxpnjMGfCCuLK/mgO9gzSOr74wTVhimdM3+cCop2LivIdCCLLK+XILMK/j2hRuz7T+o3AsGWq7aa9Ue3di7CfCHpMGE2nhQgm3+64GW5mYZi4okpWYOHxt8YvDPWCLGg1jWLhZVsXyDpO91sLgQ33A2PIkVFMDbzkATTRcoGn6heIiS+s/RHwobrgydWXlIy0pXl1bwi+QFaFyfgnKXc9YmZVsEwLdlGJqMBrT/6gpdTMmXMoph2UYy4nw//ZSoGlMFNyXcFYfDE6wvrDg0K9o/mNepD0hRNlihyqqAmlsxvOk5qnLsldQKrq0Bdk1hAUxpQyANKPjpiOpNNFCPmgtLq99E/YXjZALX4JYmv/GXzp2WakTW8CDbL5ZqAPySJEtTXV/Lbux3x/1oRA8+Cv1B7nwvlLyPpy6j5n/8P6vERrXTt9ZIAAAAASUVORK5CYII=
9	mynameisname	lastname	thisismyname	a665a45920422f9d417e4867efdc4fb8a04a1f3fff1fa07e998e86f7f7a27ae3	asd@gmail.com	0	\N	\N	iVBORw0KGgoAAAANSUhEUgAAAV4AAAFeBAMAAAA/BWopAAAAGFBMVEXn5+dUWFn////19fXb29vi4uJFSUqWmJlAL7LBAAAcTElEQVR42rScTXPbOBKGEUrYXMPMDH1VSHt8dUh5c1VsKnNFxdQPUFXGvibOlv33F0A3PgmAlAUqFzOS4daL7gb6YYOkhteGwOv8y9t/Xn+V4vX62j9kHVle2u8wZl9S592D/Xv8g9bllbygVLzz+qt6fDxKex/5Dxev35uOv8esoSh1THCHgivq2HsY2dtIE+gBLlthETkciDC/gQ8emPw2DYx64H+UEgpX9Q1/i4pRt6/c2NJ+cZNf++6Wf57AwGIoccVwqM2B8ZGYGUp8m8PBWMXEn4YrYRX82ErTD2Bv20oV+MfEqGAvlfKSplX2ChEOcNWBCith7bH0X/z/Xu87KUyHQ0kNm8YaiuBQ7Q0MzJS98kpa1bRG307+KAbiH2w6pYJ4t21BBbCwg3FumZhFiiq04nfJzT9lwFq0+H8rPlRjhuK/3YGFt8J4pobqpHscwAE6UHEAezvjD8LCDaPDHlSQs0Z7IS9pYNgrfsWnfFD2SuOHPcjbbihZ3f6KWAtu8fpwU5uhhKA41Fb4BjFDiYH7nbaXe0MvnQBVlK7RgQPIgeCNesONF2GBKmx30sK+BRVuhKBDD6N2/HdX21+PZeJVPV7cw8D1di/l7dGXwAF6BgMLM4jQTVtFuPFi1lFFZkzvhbxMq7ATNq3hqtlKTZQKMGv88/JvcBVW71+S5gqFj3e1PVSvh5LyWoLSfg+CSnvXoGLXYXBqBxBvcEXRAbY9qACadLci1/F5AhXkrA09U77UvK+O5dSrAoPlUMImPRSTM6u+uhgY3NKoaNzyYBxAyssjCgWVDrBWDrABTbQDUCmvUuF6hrlocAMOsAYHkL5EXAeg4ACNUVG4JfqStFf+eAnyrlHQrQha0tsOgGGgVWBKhctZ5oLBaijbAdYqoqS9Ul7tACCvUlEkk7rVYeBGlFahQRV6UAGSn5wO+TeuXuaZyw1+Khrbl2AoPy/tLAe4BHkH45a41IkwoE4Y6IjCWZMDWSrI1UT8xV9zzeUGX7QwlB1RVM6scgCQVzvAXkS9o2JtTHfCgLC1iagNdcOAmjD4+ljOfz3+KYZaG18SX30PDmDnJWrykqui2j9w06kTUURFlJo1MZClggqD61PM5QY/b0BePRQd5SXq5CU5s1Zekq9+X6D/4/pS4HRhYBXo/yhGgctIz7ZVedqLx1yDQ/UwFJiG6ekeZ55B/HxH+SD7C6tkmuUTVODMY2AVOF0oRoFfH9PLA379/c3L8UR7qwv86kIVruQKZx4D6x5nPqQiA3uJyFviRzkQhZkvcLowsJQKUl5GlAoPX081l3vET0igIC/VX11ue/o7nHm5uIKK4k/jKl3In6T/F7gug7y0sFTgBloqUK1C057sDegRcig5sOUAMn4K5QCQngpcRsBGKvXVpoOgME8xB4B5QhVOSWWWR/wph4K81aMDtBhYBa5IRKsodWMQOOgPYLp2ACcMgipAGLQn5gaTI8Rvy4ExooQDQHrSDgDpyVJR/OmibnH5Fhmg1Q4wJwy4vC9vMpcvc3qoIZ6X1sG8JPxhYJYDCHl5zXRvHEBE4J2jAiST9vpYvtHgZ+kAzOSlNpyXmLIKk/RKfA5KnUIJChuzWBjAYipVaN4orxC4tVOqnFk/L0HgFI2Vl4jIS0SUn1REVKvCgCXDYMAwaD+/VV7uwR/qGuR1FiYrL0nvpYG8hGBBR9TOWlj4l/PCgKow4PJW5Rkv+Op+XnIXJhrKS+J/qRNRYmb2jgOEludz5OUe8dGkVCsv0fjyTFFFtYEwC4tMcGp5pl4YwDwVb08O+HqqJ/MSDeYlAvW02VlQFVGYBwPLswjO6+NZ9j4+38CU23mJW3hvO0AoLxHc91oRRUfLMzHLM4bBmfLyFHHjbPUwL7n7Mycv4fJMYhXPeJcqIJLa9n85T16Rg6MVDyF22WCqZ4tHteOKxy38ver54du59pY/mrl1o102EF3ysmjFgxDJVM/Ndluda255LCbqRmkV9apnGiv8B7fwd1Xo3p0tL+x6ghXP2nEAp3oGwhso/K8gsNy6b61UaF7ONlfuegJ1Iw3wKFM9WzzKL/xhGemC1fP1+fJyge88IIkkJlU9C3uRSA+wcwg7AKqgwuBzDnurP6QD0BCJYeHq+VKiYFP4ExtI+oW/FQYZ3EGucdN5abDzUi3YZo2C9kDMIoU/tSFSFncQDhEHkrWXl1rNyRWPcok0YNne4VE6DD7nsbf6UI9JzDqQl4iyytgrgCQlNpAkcSCZxx2EQ6i8RJ2FKcKjmhGPshcWFl2eL4+Z7BUZYoMbMwtI0uTyPI6oKJBEFT7lspfvgiEv0WReslSkeP9tvLCElmdUIZc7lOXFiXlJ73dsxD8BJOumymbvsVVAcogDSXd5JqcBSf4dvhyz2Vv9ngaSyKMo4hNyEpDkH1x9zWjvn+tJIGlVzwx4X6DwjwFJ/sFVPvflGW09CSSd6rlWZTWbBSSFCtsqo73H3RhINg6QtKker3ORR5F5QFJUzxndVzjwFJC0qmehYg3365lT+NMIkJTV87us9n6YAJJW9SxURB7F/00W/qhCkdN9uQO3E0DS5CWhouZR04W/urtRZbX3OCYxDpBUKsLuRthLZWfDHCAJKhyz2lvd2XmJBoCkoXrU5lHTQFIMRMn7zPY+20AywaOo5lGQ+aaBpFSBfM1s78ckkHRVxPWCmYUlAiQNlmV5w40HXDMBJFVeUjwKgYqOKBYAkiY7syq7vVN5yb9fyJz7hSEgabDssM5sLt6NS+WlDlS09jvrCSBphcGXY2Z7q+cJIKn3Z4woPjkDSML6MrTX2e39YwJIutUzmwkkVTvP37n9ofwQbefpxlRP9nPNAZJQBOzrb9nt/XGTBJKAnex+Ls2jEkBSY9mX7PY+bVTF0wWApFc9H3Qb5lWi8Bd1HyTAuspu79HUjQEgCfterSKz+rlSQFJ2r/KBNmX+1/0wu50n1c/lAEnJz/gnLo/Zza3ue7/P1AKSYxVj/VxEdbXZWPZ6AXt/mtYwDSSJk5dsquf1c4WBpG6Q+7SAvX8d4kAyQPXqGUBStC/L9PFpAf/9i8SB5KjblpE5HZIYBmz13wXs5QmYxYEk9ajeafcL8y8XZSUWjLn3CxmZAyQxDFheVqIXjJs0kOwD9wsjHZLE6xN9WMReyUKjQJIG+tfTQFI3ndNdtYC9xw2Jdm7rxl2zP4OFK1X4mzKlXcLeMgkkvXaeWvdzRYGkVfc1S5h7bJsEkHSq56KtCR5kiQNJyicAq+cltg9lWSSApK0iFSpyd4gX/k2H+14sUy6X8IfqLgEkLarHLB7FEkDSqp4X2O5IexNA0m8zlEe9WApI6jBYzN4EkDQqMuRRlMQ7JG0sK9LL9SL2PieApNvO8x37lZNAUmFZcdJiOXtdINkZIIkqMqR68mvEgSRV2VmuLwvq6wDJ2gKSQPWIonokDSTduxvL2TvmUS7VY4rqyTcSQJLafaLL2RsAkoyGTgHAG3EgCZkP8+Bi9rpAsnF5lE31xvcLXSBJneV5MXtHeYlKecdUb3y/0AWSamFpF7U3mJeGvXPXdYf3NyeAJNzXRbdayl4HSDYOkHQPwzS1e8B0BCRdfPJlEXt/p4Bk7/ZzmWPBE+cLZRZZRN/y96iPgZLJ84UxIGlOhfKBtovou1vsfOG6XMTeEZCkbzhf6Bb+kEW2i9Rvex9IUr9unHW+UO4c3DCgi9RvOx9IEhufkOT5Qh9IutXzahF9yRhI2ueePaqXBpK68JdhsAgvKTdpIOmd0kwCSWbwiVhfluI7LA4kfao3PmDqAEl9/B/Wl6V4VBxIulSPkjSQNO3WsvxbgvfJG0QWkEyfe6bBI9uR5Zke/rOAvf9SF0gyGm8zdPvXx0CSqjwIxwz3S/D1Dzd2Xgqee3bvFzZxIDmY4/9yoCXuX/z27hfScV4KPf8hCCStMJDH1ZaxN3yAoRvfL5QPZ3HOF9bpczwLbHiquySQtNt5qOrnigJJv51nvcD9zdYCksQHkqOyQfGzMJCs8cEqqu5bYkG2gSQdA0lz+jtwvtAHklbhLwdaYIF7ip4vZHPPF8aP/6/yLxj/Niedew6cL7SA5Kid513ugKs+OucLPSBpU721OV8YBZKjMHif3d7nOXnJOl8I8kaApC78FZbNby8+RigKJEFFpqge8Qp/F0iOjv9nT2h4bC8OJL1uW0hYMSA54vLZE8STzksRINn4z3+AB+CEgaTi8rrbNnuC+GHyUhhIOlQP+VkUSOJTMKxu28wJQhxxSQJJr9u2RnkjQBKWZzqY5TkzkgJYnQCS3vKs+u1ZGEjCUzCoeQpGbgQh2ycTQNLrtjX7nTCQDPSJLta/TlN5SXfbKn4WBpKB2+ZZA676MQEkUT7rOXzO+UILSMYez5S3JPo4ASRj5wsDQNIp/KmunrPeg6vu0kDSOffsnS8kfiNK+IFnWVsSjzOAZOx8IZ15vvBb1tViCkiOqF4SSPphIIzP6cAfZwDJwPnCKJB0jv+jChkd+PFuBpAcRs9/iAPJULt185JxszMDSNpUj5E0kAwes/12zJZ9ZwDJIfY80hCQDLZbZ4Mm1fMkkPSpnvU80hCQtJ9HqrvarnJlNIEeZualZsSjgkByCIVB+5LNHUIdkrG85D2PNAgkg2GQ6xCGcIfIuWfneaTUqOg+jzQAJPVjee0wuHrM4w5FqEMympfU/cImCiR1GLReGGR6XkWoQ3J8/N9bnimbKPzp6Lb5Q5Yi4/HnMOeBZ147z2nnC1GMLkeGOO5CHZKxsoEh1YPzhVEgGWznYasMS0Z1sQ53SNpActzOA+cLh3jh77bzQBYpMmSI6ufgn3tm4fOFjfs80iSQjLTznB9x1ROd/SDG/1d3PW9t61jUxfGwxR1G3lI7HbYeOwzblCRkq1Jn3lrfMMoWSpr8+2P9sC3JkqxAm8j+3qK0r83hcnUtHd17jnh6pvOFlfN8IRP3XhQfllwB1xP60RZCUtvOc+R8YROFD4tWoLkjIZkp84VCo7COkGSy8VIUKLn9wblecB1JQoxmQjJjc8+c1Wv6sG0Hf6iT5Z197B2HH5gO/yAhqbB6TR+2Rf8hUNoauXjeh0oa2GaOhGQm1aVC1H/QEpLKMmiLSXb7kQCjn6kixOhUl55KrkdqISQDRZa3UU8s9ugD4SUjxZELIanUJf19oUhIQpMe6RR/JLwDQoyBqc2Qy2uYCUllGXS3ptm7Mxg8p9IAg4WQ7KVlEGgISUGWF5pled9NrSLSYQ8dCUmlLpnmC1XVfM2Y7XuVeGjtdSMkZ4HiYyHMF0a2g7/q5kGD8c4Aozl0FTyTjw2pos+lJyRl2Tepnef+PUsO7yJxZHuQkGzdPET+zEJIWrpt03fUNJAEAyceiZCMFDePo+YL5dPzZFkcP1AE0LyiGzNnQrLSzxcGtoP/VFoGZbcMjs6IOhuOIyTt84U6QtLczpMevU/D1zdMiLFyJSQrkdULoNvBv4lCIUSBLoPs61EpDLbFUYTk164uDemRMsZMjoJIn/CmJkezmSZ5H0hJhUcQkjKrx/AaCEmob7dWVDCOSGGA35hBEnQnJJu6JPBnhYGQVGR5xW5bydTmErvCfWkSwJmQVOqSwEf17guh8+vZzcIF4B1fUdCdkGzqUtH1rxdySTUtg8isgpG9Yje4DooqCiEppmWq6JEKO4tCXQbQJst7ExwwcoGbHktIzqBw66r0r7clVUNI2k1tpqtyPVAlMNp1PceVMyE5U+sSfwYISXGXCvW71BmwhRijhVOHpH2+ELrMF/JGlCFTm+zGbFiHcfKUaR0YjIQkVFi9oJsvjIYJych8em5NbdJ0rQ8xwNtdahvZthOSimoYm44dJCSF03P9D2nF84p0dogVe8iY+EXu2M/YtUNSISQ/Ml/Ix2wrA7kdlhQxRgiBmPxX/zo5PKTHdUjytDTNFwYO84VtAshuHn1TmzDYLA+vJKqYRDo5LGFZZK4dkpXsY/H++ULZzcNqahOSvzlZ0mde70ZypXN7ciQh2ZsvbPqjLIRkpHfzKHQkUsS/LMssr6g3qawhWbkRkoY2w4LrkToQkjwKsFkGmdnURqrOgdYZpnAlJDV6pNTOdZiQ5PQJJ7cvf6YmUxttSZU7t4vpSxm4EJKKzVSnR2pJAFH3r1kGa7y9cDG1aUqq3LmdTvf4OsyPqkuy/sMwISlEISzrdxlO3E1tOiVOnkuvKMbJj2iYkCwFVq/tX4dWQlKS5SXNltx8FV87m9qondt0wwySee5ASCqsHoXrRkjyZdB6xeJdXg2Z2ihKnKyk8v093i7ywE5IylHk94VyhyQckAsPJ83WEdQ5SK12jyypa9zt2vKj/QuPICTptn8qHODxrx6JlA5pSGbrblcEtg9WQlLj5jFMSBaim0chwq3P578GTs/9E89apLDwdh5ZCMn+sSEYJCSFMVsYFV9l42B2hhwytRE1JNfynpPmMBQJSagQksfOFxatm0edqTeqYyHAzGLVUUMy6x2lcbLI36dHWvV0/2BnRMLCO9EchEHykFlPzwITM9X8fZyE0uB7NKhHmmn0SNtzXyGcngPtuR3Hv8p8wBKWcA5FeguwlhAuK5GJiczj/1+Pmi8sDbwIQIcF3TQZTs8svMHN2nDAA7vISEjKrJ7AR/V5+UAwSCJpFf4FjNxCsqu/JSiSSIqURJivjaRKXWVyW10SoghN/Vx9QjK8t1AM9blnVeZaDUmSS2FZvWJsoS0XubXN0KD/oBKSlVhS7+xEL0kKdkxW73huynJyAHa7922ovyiZ9qcAOv0HGyEZlEPeq/VhPpkXPSkJEqNXMERXgWunNkNZ/wHqjUhoXQn/cqL0ksOK+pfVTxCyjdbBlgldQr1lmvvC0nZfaCUkHa8Gyak4ORzYcXO5ro/KGLuxw1wnvE9ISq/nVv9BQ0iKr+fM/ZYCYfFByPlmw0RIiq/nIAicCMkjp7IAiBF5jutHMxCSyn2hAyFZl7L4jz8AveU6QrI3XzhISAbHu3S/r+kkrMw2BpOmnyvSzRdKhGT47RRw6+c6stsYRFI/l5GQnIHTwI3Rm8t8IUUYmQ/+5f5E4Y3jpHSdLzQTkuHlyeDG+KVwmy+MzITk3f5kcOsl92SwPe/mC1t/aT0fdbLFxgJ8NWQzpe1fFw7+J1tszWtZuij5ITMxTzp/aYmQDF/RSfHWGzWJkOxdlPT0SOUXyz2OT/twW9llX9W10yO1EJL7E8Pl+55em2F7UULhGgnJWxSfHPDPXpuhfF/IXn16QvLk4Y2pYgEjJCe6i5LAtLM4U3hJBlvvCy0kUn6O8NYB3syNU5qB6C+tHPxP+SaWAkzpiMH5wh4heabwEq93xWUI2uYLW0Ly/jzhJYflXKF1LfOFLSEZnim8NMBKt61lvrAhkcKzhZdojFn0SFM9H3W+8NKXnFmP1EBI3p4vvI3m/YAeqXTwP+2+17BNs+qRyoTkife9vX3wk57VU/xxWkIyO2t4qTm9EEUDHyUSkucNb0xcRzTdtlBzX0iX5i06M1ymGm65L5QJyf25wxtv22ZL8b7QQEhO0dnx4ofm1lX1x9EQkt/Oj5dO7Uj2wrI/jnjwvzv7aiMlbSFGUfDHqXodkpfIA7xEWFVi9SLTfGG4j33Au83Fdp4oMM4XznxIB5oQIqsHxflCsRMp/I68wAv+kXd8VMRFPfl8ocSkeJEOpATnmvnCqNcgd488wYtf2ihGgeAvLXci+VB8mxJ80UYx6vRI1Q5JEPvyoP4UQNC76fImHQT1xK7PlLGpwn3h79D6+G3Ps/a+UOyQDHJ/0oHugtX7QtLYLt4XepQOnT092zxCzX2hV+lQvzJ6/oVKV1vqVTrEKFr1+7lSwYjkFnmFF7xY5gvJS+S7X3jj65z2mZrmC73ZOwibSuN8YV0qLj0Lb4wXpCCU2vlCGGy++YaX2E1sjPOFc8/SgW4q5c5tcXC9msT+PQuxcxuK/VyTlXfpS46dTT9Xj4+q5o/+hRc8T6Cej5osQ+BhPiDx0k3Qf4iq1T3yEG/8pvSvd/eFn3zEC67uuk2OpEca7n0Mb5zkOn+cOrw58BIvCqHgXyjMF956mb5x/JNOacJuvpAPcn3xEy/4nDZzz60/TvSj9IFUNySwMKsq+ksDT/GioqdHSqDPPE3f+tTJunaa+cKI8VFfvMX7WZgvpOOQBHr2GPv6EEu7To804tCBt3jrCtyI57F2OQJ9irzFCxaCHmnE+ahbj/G+NSYzTaNXjfc/sb94n3N649LxUTX0vb944+0d46PS7r4wAx7jRXO5fz36LZLJf5aWglz/gfsXfvEZb3zV+hdyPurG5/RliqDSfGHuNV5mCybOF06B13jRhdLP5fVya7quBf7si+d4PyvzhY+x38+z3M+V7j3Hu5X1HzLgOd64kPylp8hzuOBB0H8o0nvf8dK5l07/4Z++pwM1OmT8GWnvfPQe77N0X+h7eWBv5GlzX+h/eYhRIdwXel8eqNFs1vrjXI4A71vU+EsHwacR4L2a8PnCuqh5Xx7IDmLS+EsHF/sR4N1OOn0uMAK8KGjnC2fxGJ5FO184gvJASSmeD5vvI8Jbh3f1bQzpAK4aPmr+OIr8fc65HumP/SjwbvOQ8mebEIwCL8r5feHdOPDGkN8XztAo4IIXfl94Pxa83B/ndiR4f3L+4ctI8H7meP82juUW/5fxJdnjSPA+8/juR4J3y/GOpPzGaGR4Y8ZHTdFY4vuD8lG3Y8ELFptx4X0jfNSI8L5QvP8aDd5r2r/+77GUBzIsUMd3LK830gYxKrwxHW4I9+PBSz1BwLjwXowHL6L8Qzyeh07ujQcuuqjxjuR0TAvag1/zsMN4C+8m9Own5JHFl+C9HBneT+PBiwne7yOK7+c0CL+N6H3x95Hhvarz4XFE+fC/NEi/AzwStBhdE+XE2aH+1RjQHlY56+eavPqOGGOULNr5wjT9SmKM/EUbU3cNQY80m6zJN+HjJpJYTF6wJmVhvjAMovUrwNi/tE12oV6PtLxZ1mnhUZCJIcVhGZatqquo/7CiU3uZN0EmeZDs5mEp2LmI+g9M84h0Ta1f8bkhEwfPZLegctqyvbDkj8NMbYp0cojPGWWSk7Qg6PRI074eaV3g7pbMWvUcOVtXr2UhWAMZ9EgjyScsLO+IteppM4N+2mEVlkIUoUGPNAoknzAi5FaWd2vuYHuK5UUCe1gVZZ7rbKak/nXRZj2TXLbTsl5/JJv/IGZAq2iy+5He0J+5ajNl1yPNZLlwWj3WBxpnjMGfCCuLK/mgO9gzSOr74wTVhimdM3+cCop2LivIdCCLLK+XILMK/j2hRuz7T+o3AsGWq7aa9Ue3di7CfCHpMGE2nhQgm3+64GW5mYZi4okpWYOHxt8YvDPWCLGg1jWLhZVsXyDpO91sLgQ33A2PIkVFMDbzkATTRcoGn6heIiS+s/RHwobrgydWXlIy0pXl1bwi+QFaFyfgnKXc9YmZVsEwLdlGJqMBrT/6gpdTMmXMoph2UYy4nw//ZSoGlMFNyXcFYfDE6wvrDg0K9o/mNepD0hRNlihyqqAmlsxvOk5qnLsldQKrq0Bdk1hAUxpQyANKPjpiOpNNFCPmgtLq99E/YXjZALX4JYmv/GXzp2WakTW8CDbL5ZqAPySJEtTXV/Lbux3x/1oRA8+Cv1B7nwvlLyPpy6j5n/8P6vERrXTt9ZIAAAAASUVORK5CYII=
10	1234	1234	qwerty	65e84be33532fb784c48129675f9eff3a682b27168c0ea744b2cf58ee02337c5	qwert@gmail.com	0	0lRXITpxPpo0fhXbMkDsrn7fgWiccmhl8QYN9xMDA9J9Qwyj4XJlvHS4pCZQCU9Z	\N	iVBORw0KGgoAAAANSUhEUgAAAV4AAAFeBAMAAAA/BWopAAAAGFBMVEXn5+dUWFn////19fXb29vi4uJFSUqWmJlAL7LBAAAcTElEQVR42rScTXPbOBKGEUrYXMPMDH1VSHt8dUh5c1VsKnNFxdQPUFXGvibOlv33F0A3PgmAlAUqFzOS4daL7gb6YYOkhteGwOv8y9t/Xn+V4vX62j9kHVle2u8wZl9S592D/Xv8g9bllbygVLzz+qt6fDxKex/5Dxev35uOv8esoSh1THCHgivq2HsY2dtIE+gBLlthETkciDC/gQ8emPw2DYx64H+UEgpX9Q1/i4pRt6/c2NJ+cZNf++6Wf57AwGIoccVwqM2B8ZGYGUp8m8PBWMXEn4YrYRX82ErTD2Bv20oV+MfEqGAvlfKSplX2ChEOcNWBCith7bH0X/z/Xu87KUyHQ0kNm8YaiuBQ7Q0MzJS98kpa1bRG307+KAbiH2w6pYJ4t21BBbCwg3FumZhFiiq04nfJzT9lwFq0+H8rPlRjhuK/3YGFt8J4pobqpHscwAE6UHEAezvjD8LCDaPDHlSQs0Z7IS9pYNgrfsWnfFD2SuOHPcjbbihZ3f6KWAtu8fpwU5uhhKA41Fb4BjFDiYH7nbaXe0MvnQBVlK7RgQPIgeCNesONF2GBKmx30sK+BRVuhKBDD6N2/HdX21+PZeJVPV7cw8D1di/l7dGXwAF6BgMLM4jQTVtFuPFi1lFFZkzvhbxMq7ATNq3hqtlKTZQKMGv88/JvcBVW71+S5gqFj3e1PVSvh5LyWoLSfg+CSnvXoGLXYXBqBxBvcEXRAbY9qACadLci1/F5AhXkrA09U77UvK+O5dSrAoPlUMImPRSTM6u+uhgY3NKoaNzyYBxAyssjCgWVDrBWDrABTbQDUCmvUuF6hrlocAMOsAYHkL5EXAeg4ACNUVG4JfqStFf+eAnyrlHQrQha0tsOgGGgVWBKhctZ5oLBaijbAdYqoqS9Ul7tACCvUlEkk7rVYeBGlFahQRV6UAGSn5wO+TeuXuaZyw1+Khrbl2AoPy/tLAe4BHkH45a41IkwoE4Y6IjCWZMDWSrI1UT8xV9zzeUGX7QwlB1RVM6scgCQVzvAXkS9o2JtTHfCgLC1iagNdcOAmjD4+ljOfz3+KYZaG18SX30PDmDnJWrykqui2j9w06kTUURFlJo1MZClggqD61PM5QY/b0BePRQd5SXq5CU5s1Zekq9+X6D/4/pS4HRhYBXo/yhGgctIz7ZVedqLx1yDQ/UwFJiG6ekeZ55B/HxH+SD7C6tkmuUTVODMY2AVOF0oRoFfH9PLA379/c3L8UR7qwv86kIVruQKZx4D6x5nPqQiA3uJyFviRzkQhZkvcLowsJQKUl5GlAoPX081l3vET0igIC/VX11ue/o7nHm5uIKK4k/jKl3In6T/F7gug7y0sFTgBloqUK1C057sDegRcig5sOUAMn4K5QCQngpcRsBGKvXVpoOgME8xB4B5QhVOSWWWR/wph4K81aMDtBhYBa5IRKsodWMQOOgPYLp2ACcMgipAGLQn5gaTI8Rvy4ExooQDQHrSDgDpyVJR/OmibnH5Fhmg1Q4wJwy4vC9vMpcvc3qoIZ6X1sG8JPxhYJYDCHl5zXRvHEBE4J2jAiST9vpYvtHgZ+kAzOSlNpyXmLIKk/RKfA5KnUIJChuzWBjAYipVaN4orxC4tVOqnFk/L0HgFI2Vl4jIS0SUn1REVKvCgCXDYMAwaD+/VV7uwR/qGuR1FiYrL0nvpYG8hGBBR9TOWlj4l/PCgKow4PJW5Rkv+Op+XnIXJhrKS+J/qRNRYmb2jgOEludz5OUe8dGkVCsv0fjyTFFFtYEwC4tMcGp5pl4YwDwVb08O+HqqJ/MSDeYlAvW02VlQFVGYBwPLswjO6+NZ9j4+38CU23mJW3hvO0AoLxHc91oRRUfLMzHLM4bBmfLyFHHjbPUwL7n7Mycv4fJMYhXPeJcqIJLa9n85T16Rg6MVDyF22WCqZ4tHteOKxy38ver54du59pY/mrl1o102EF3ysmjFgxDJVM/Ndluda255LCbqRmkV9apnGiv8B7fwd1Xo3p0tL+x6ghXP2nEAp3oGwhso/K8gsNy6b61UaF7ONlfuegJ1Iw3wKFM9WzzKL/xhGemC1fP1+fJyge88IIkkJlU9C3uRSA+wcwg7AKqgwuBzDnurP6QD0BCJYeHq+VKiYFP4ExtI+oW/FQYZ3EGucdN5abDzUi3YZo2C9kDMIoU/tSFSFncQDhEHkrWXl1rNyRWPcok0YNne4VE6DD7nsbf6UI9JzDqQl4iyytgrgCQlNpAkcSCZxx2EQ6i8RJ2FKcKjmhGPshcWFl2eL4+Z7BUZYoMbMwtI0uTyPI6oKJBEFT7lspfvgiEv0WReslSkeP9tvLCElmdUIZc7lOXFiXlJ73dsxD8BJOumymbvsVVAcogDSXd5JqcBSf4dvhyz2Vv9ngaSyKMo4hNyEpDkH1x9zWjvn+tJIGlVzwx4X6DwjwFJ/sFVPvflGW09CSSd6rlWZTWbBSSFCtsqo73H3RhINg6QtKker3ORR5F5QFJUzxndVzjwFJC0qmehYg3365lT+NMIkJTV87us9n6YAJJW9SxURB7F/00W/qhCkdN9uQO3E0DS5CWhouZR04W/urtRZbX3OCYxDpBUKsLuRthLZWfDHCAJKhyz2lvd2XmJBoCkoXrU5lHTQFIMRMn7zPY+20AywaOo5lGQ+aaBpFSBfM1s78ckkHRVxPWCmYUlAiQNlmV5w40HXDMBJFVeUjwKgYqOKBYAkiY7syq7vVN5yb9fyJz7hSEgabDssM5sLt6NS+WlDlS09jvrCSBphcGXY2Z7q+cJIKn3Z4woPjkDSML6MrTX2e39YwJIutUzmwkkVTvP37n9ofwQbefpxlRP9nPNAZJQBOzrb9nt/XGTBJKAnex+Ls2jEkBSY9mX7PY+bVTF0wWApFc9H3Qb5lWi8Bd1HyTAuspu79HUjQEgCfterSKz+rlSQFJ2r/KBNmX+1/0wu50n1c/lAEnJz/gnLo/Zza3ue7/P1AKSYxVj/VxEdbXZWPZ6AXt/mtYwDSSJk5dsquf1c4WBpG6Q+7SAvX8d4kAyQPXqGUBStC/L9PFpAf/9i8SB5KjblpE5HZIYBmz13wXs5QmYxYEk9ajeafcL8y8XZSUWjLn3CxmZAyQxDFheVqIXjJs0kOwD9wsjHZLE6xN9WMReyUKjQJIG+tfTQFI3ndNdtYC9xw2Jdm7rxl2zP4OFK1X4mzKlXcLeMgkkvXaeWvdzRYGkVfc1S5h7bJsEkHSq56KtCR5kiQNJyicAq+cltg9lWSSApK0iFSpyd4gX/k2H+14sUy6X8IfqLgEkLarHLB7FEkDSqp4X2O5IexNA0m8zlEe9WApI6jBYzN4EkDQqMuRRlMQ7JG0sK9LL9SL2PieApNvO8x37lZNAUmFZcdJiOXtdINkZIIkqMqR68mvEgSRV2VmuLwvq6wDJ2gKSQPWIonokDSTduxvL2TvmUS7VY4rqyTcSQJLafaLL2RsAkoyGTgHAG3EgCZkP8+Bi9rpAsnF5lE31xvcLXSBJneV5MXtHeYlKecdUb3y/0AWSamFpF7U3mJeGvXPXdYf3NyeAJNzXRbdayl4HSDYOkHQPwzS1e8B0BCRdfPJlEXt/p4Bk7/ZzmWPBE+cLZRZZRN/y96iPgZLJ84UxIGlOhfKBtovou1vsfOG6XMTeEZCkbzhf6Bb+kEW2i9Rvex9IUr9unHW+UO4c3DCgi9RvOx9IEhufkOT5Qh9IutXzahF9yRhI2ueePaqXBpK68JdhsAgvKTdpIOmd0kwCSWbwiVhfluI7LA4kfao3PmDqAEl9/B/Wl6V4VBxIulSPkjSQNO3WsvxbgvfJG0QWkEyfe6bBI9uR5Zke/rOAvf9SF0gyGm8zdPvXx0CSqjwIxwz3S/D1Dzd2Xgqee3bvFzZxIDmY4/9yoCXuX/z27hfScV4KPf8hCCStMJDH1ZaxN3yAoRvfL5QPZ3HOF9bpczwLbHiquySQtNt5qOrnigJJv51nvcD9zdYCksQHkqOyQfGzMJCs8cEqqu5bYkG2gSQdA0lz+jtwvtAHklbhLwdaYIF7ip4vZHPPF8aP/6/yLxj/Niedew6cL7SA5Kid513ugKs+OucLPSBpU721OV8YBZKjMHif3d7nOXnJOl8I8kaApC78FZbNby8+RigKJEFFpqge8Qp/F0iOjv9nT2h4bC8OJL1uW0hYMSA54vLZE8STzksRINn4z3+AB+CEgaTi8rrbNnuC+GHyUhhIOlQP+VkUSOJTMKxu28wJQhxxSQJJr9u2RnkjQBKWZzqY5TkzkgJYnQCS3vKs+u1ZGEjCUzCoeQpGbgQh2ycTQNLrtjX7nTCQDPSJLta/TlN5SXfbKn4WBpKB2+ZZA676MQEkUT7rOXzO+UILSMYez5S3JPo4ASRj5wsDQNIp/KmunrPeg6vu0kDSOffsnS8kfiNK+IFnWVsSjzOAZOx8IZ15vvBb1tViCkiOqF4SSPphIIzP6cAfZwDJwPnCKJB0jv+jChkd+PFuBpAcRs9/iAPJULt185JxszMDSNpUj5E0kAwes/12zJZ9ZwDJIfY80hCQDLZbZ4Mm1fMkkPSpnvU80hCQtJ9HqrvarnJlNIEeZualZsSjgkByCIVB+5LNHUIdkrG85D2PNAgkg2GQ6xCGcIfIuWfneaTUqOg+jzQAJPVjee0wuHrM4w5FqEMympfU/cImCiR1GLReGGR6XkWoQ3J8/N9bnimbKPzp6Lb5Q5Yi4/HnMOeBZ147z2nnC1GMLkeGOO5CHZKxsoEh1YPzhVEgGWznYasMS0Z1sQ53SNpActzOA+cLh3jh77bzQBYpMmSI6ufgn3tm4fOFjfs80iSQjLTznB9x1ROd/SDG/1d3PW9t61jUxfGwxR1G3lI7HbYeOwzblCRkq1Jn3lrfMMoWSpr8+2P9sC3JkqxAm8j+3qK0r83hcnUtHd17jnh6pvOFlfN8IRP3XhQfllwB1xP60RZCUtvOc+R8YROFD4tWoLkjIZkp84VCo7COkGSy8VIUKLn9wblecB1JQoxmQjJjc8+c1Wv6sG0Hf6iT5Z197B2HH5gO/yAhqbB6TR+2Rf8hUNoauXjeh0oa2GaOhGQm1aVC1H/QEpLKMmiLSXb7kQCjn6kixOhUl55KrkdqISQDRZa3UU8s9ugD4SUjxZELIanUJf19oUhIQpMe6RR/JLwDQoyBqc2Qy2uYCUllGXS3ptm7Mxg8p9IAg4WQ7KVlEGgISUGWF5pled9NrSLSYQ8dCUmlLpnmC1XVfM2Y7XuVeGjtdSMkZ4HiYyHMF0a2g7/q5kGD8c4Aozl0FTyTjw2pos+lJyRl2Tepnef+PUsO7yJxZHuQkGzdPET+zEJIWrpt03fUNJAEAyceiZCMFDePo+YL5dPzZFkcP1AE0LyiGzNnQrLSzxcGtoP/VFoGZbcMjs6IOhuOIyTt84U6QtLczpMevU/D1zdMiLFyJSQrkdULoNvBv4lCIUSBLoPs61EpDLbFUYTk164uDemRMsZMjoJIn/CmJkezmSZ5H0hJhUcQkjKrx/AaCEmob7dWVDCOSGGA35hBEnQnJJu6JPBnhYGQVGR5xW5bydTmErvCfWkSwJmQVOqSwEf17guh8+vZzcIF4B1fUdCdkGzqUtH1rxdySTUtg8isgpG9Yje4DooqCiEppmWq6JEKO4tCXQbQJst7ExwwcoGbHktIzqBw66r0r7clVUNI2k1tpqtyPVAlMNp1PceVMyE5U+sSfwYISXGXCvW71BmwhRijhVOHpH2+ELrMF/JGlCFTm+zGbFiHcfKUaR0YjIQkVFi9oJsvjIYJych8em5NbdJ0rQ8xwNtdahvZthOSimoYm44dJCSF03P9D2nF84p0dogVe8iY+EXu2M/YtUNSISQ/Ml/Ix2wrA7kdlhQxRgiBmPxX/zo5PKTHdUjytDTNFwYO84VtAshuHn1TmzDYLA+vJKqYRDo5LGFZZK4dkpXsY/H++ULZzcNqahOSvzlZ0mde70ZypXN7ciQh2ZsvbPqjLIRkpHfzKHQkUsS/LMssr6g3qawhWbkRkoY2w4LrkToQkjwKsFkGmdnURqrOgdYZpnAlJDV6pNTOdZiQ5PQJJ7cvf6YmUxttSZU7t4vpSxm4EJKKzVSnR2pJAFH3r1kGa7y9cDG1aUqq3LmdTvf4OsyPqkuy/sMwISlEISzrdxlO3E1tOiVOnkuvKMbJj2iYkCwFVq/tX4dWQlKS5SXNltx8FV87m9qondt0wwySee5ASCqsHoXrRkjyZdB6xeJdXg2Z2ihKnKyk8v093i7ywE5IylHk94VyhyQckAsPJ83WEdQ5SK12jyypa9zt2vKj/QuPICTptn8qHODxrx6JlA5pSGbrblcEtg9WQlLj5jFMSBaim0chwq3P578GTs/9E89apLDwdh5ZCMn+sSEYJCSFMVsYFV9l42B2hhwytRE1JNfynpPmMBQJSagQksfOFxatm0edqTeqYyHAzGLVUUMy6x2lcbLI36dHWvV0/2BnRMLCO9EchEHykFlPzwITM9X8fZyE0uB7NKhHmmn0SNtzXyGcngPtuR3Hv8p8wBKWcA5FeguwlhAuK5GJiczj/1+Pmi8sDbwIQIcF3TQZTs8svMHN2nDAA7vISEjKrJ7AR/V5+UAwSCJpFf4FjNxCsqu/JSiSSIqURJivjaRKXWVyW10SoghN/Vx9QjK8t1AM9blnVeZaDUmSS2FZvWJsoS0XubXN0KD/oBKSlVhS7+xEL0kKdkxW73huynJyAHa7922ovyiZ9qcAOv0HGyEZlEPeq/VhPpkXPSkJEqNXMERXgWunNkNZ/wHqjUhoXQn/cqL0ksOK+pfVTxCyjdbBlgldQr1lmvvC0nZfaCUkHa8Gyak4ORzYcXO5ro/KGLuxw1wnvE9ISq/nVv9BQ0iKr+fM/ZYCYfFByPlmw0RIiq/nIAicCMkjp7IAiBF5jutHMxCSyn2hAyFZl7L4jz8AveU6QrI3XzhISAbHu3S/r+kkrMw2BpOmnyvSzRdKhGT47RRw6+c6stsYRFI/l5GQnIHTwI3Rm8t8IUUYmQ/+5f5E4Y3jpHSdLzQTkuHlyeDG+KVwmy+MzITk3f5kcOsl92SwPe/mC1t/aT0fdbLFxgJ8NWQzpe1fFw7+J1tszWtZuij5ITMxTzp/aYmQDF/RSfHWGzWJkOxdlPT0SOUXyz2OT/twW9llX9W10yO1EJL7E8Pl+55em2F7UULhGgnJWxSfHPDPXpuhfF/IXn16QvLk4Y2pYgEjJCe6i5LAtLM4U3hJBlvvCy0kUn6O8NYB3syNU5qB6C+tHPxP+SaWAkzpiMH5wh4heabwEq93xWUI2uYLW0Ly/jzhJYflXKF1LfOFLSEZnim8NMBKt61lvrAhkcKzhZdojFn0SFM9H3W+8NKXnFmP1EBI3p4vvI3m/YAeqXTwP+2+17BNs+qRyoTkife9vX3wk57VU/xxWkIyO2t4qTm9EEUDHyUSkucNb0xcRzTdtlBzX0iX5i06M1ymGm65L5QJyf25wxtv22ZL8b7QQEhO0dnx4ofm1lX1x9EQkt/Oj5dO7Uj2wrI/jnjwvzv7aiMlbSFGUfDHqXodkpfIA7xEWFVi9SLTfGG4j33Au83Fdp4oMM4XznxIB5oQIqsHxflCsRMp/I68wAv+kXd8VMRFPfl8ocSkeJEOpATnmvnCqNcgd488wYtf2ihGgeAvLXci+VB8mxJ80UYx6vRI1Q5JEPvyoP4UQNC76fImHQT1xK7PlLGpwn3h79D6+G3Ps/a+UOyQDHJ/0oHugtX7QtLYLt4XepQOnT092zxCzX2hV+lQvzJ6/oVKV1vqVTrEKFr1+7lSwYjkFnmFF7xY5gvJS+S7X3jj65z2mZrmC73ZOwibSuN8YV0qLj0Lb4wXpCCU2vlCGGy++YaX2E1sjPOFc8/SgW4q5c5tcXC9msT+PQuxcxuK/VyTlXfpS46dTT9Xj4+q5o/+hRc8T6Cej5osQ+BhPiDx0k3Qf4iq1T3yEG/8pvSvd/eFn3zEC67uuk2OpEca7n0Mb5zkOn+cOrw58BIvCqHgXyjMF956mb5x/JNOacJuvpAPcn3xEy/4nDZzz60/TvSj9IFUNySwMKsq+ksDT/GioqdHSqDPPE3f+tTJunaa+cKI8VFfvMX7WZgvpOOQBHr2GPv6EEu7To804tCBt3jrCtyI57F2OQJ9irzFCxaCHmnE+ahbj/G+NSYzTaNXjfc/sb94n3N649LxUTX0vb944+0d46PS7r4wAx7jRXO5fz36LZLJf5aWglz/gfsXfvEZb3zV+hdyPurG5/RliqDSfGHuNV5mCybOF06B13jRhdLP5fVya7quBf7si+d4PyvzhY+x38+z3M+V7j3Hu5X1HzLgOd64kPylp8hzuOBB0H8o0nvf8dK5l07/4Z++pwM1OmT8GWnvfPQe77N0X+h7eWBv5GlzX+h/eYhRIdwXel8eqNFs1vrjXI4A71vU+EsHwacR4L2a8PnCuqh5Xx7IDmLS+EsHF/sR4N1OOn0uMAK8KGjnC2fxGJ5FO184gvJASSmeD5vvI8Jbh3f1bQzpAK4aPmr+OIr8fc65HumP/SjwbvOQ8mebEIwCL8r5feHdOPDGkN8XztAo4IIXfl94Pxa83B/ndiR4f3L+4ctI8H7meP82juUW/5fxJdnjSPA+8/juR4J3y/GOpPzGaGR4Y8ZHTdFY4vuD8lG3Y8ELFptx4X0jfNSI8L5QvP8aDd5r2r/+77GUBzIsUMd3LK830gYxKrwxHW4I9+PBSz1BwLjwXowHL6L8Qzyeh07ujQcuuqjxjuR0TAvag1/zsMN4C+8m9Own5JHFl+C9HBneT+PBiwne7yOK7+c0CL+N6H3x95Hhvarz4XFE+fC/NEi/AzwStBhdE+XE2aH+1RjQHlY56+eavPqOGGOULNr5wjT9SmKM/EUbU3cNQY80m6zJN+HjJpJYTF6wJmVhvjAMovUrwNi/tE12oV6PtLxZ1mnhUZCJIcVhGZatqquo/7CiU3uZN0EmeZDs5mEp2LmI+g9M84h0Ta1f8bkhEwfPZLegctqyvbDkj8NMbYp0cojPGWWSk7Qg6PRI074eaV3g7pbMWvUcOVtXr2UhWAMZ9EgjyScsLO+IteppM4N+2mEVlkIUoUGPNAoknzAi5FaWd2vuYHuK5UUCe1gVZZ7rbKak/nXRZj2TXLbTsl5/JJv/IGZAq2iy+5He0J+5ajNl1yPNZLlwWj3WBxpnjMGfCCuLK/mgO9gzSOr74wTVhimdM3+cCop2LivIdCCLLK+XILMK/j2hRuz7T+o3AsGWq7aa9Ue3di7CfCHpMGE2nhQgm3+64GW5mYZi4okpWYOHxt8YvDPWCLGg1jWLhZVsXyDpO91sLgQ33A2PIkVFMDbzkATTRcoGn6heIiS+s/RHwobrgydWXlIy0pXl1bwi+QFaFyfgnKXc9YmZVsEwLdlGJqMBrT/6gpdTMmXMoph2UYy4nw//ZSoGlMFNyXcFYfDE6wvrDg0K9o/mNepD0hRNlihyqqAmlsxvOk5qnLsldQKrq0Bdk1hAUxpQyANKPjpiOpNNFCPmgtLq99E/YXjZALX4JYmv/GXzp2WakTW8CDbL5ZqAPySJEtTXV/Lbux3x/1oRA8+Cv1B7nwvlLyPpy6j5n/8P6vERrXTt9ZIAAAAASUVORK5CYII=
11	Asdfgg	Asdfgh	Asdfgh	8588310a98676af6e22563c1559e1ae20f85950792bdcd0c8f334867c54581cd	asdfgh@gmail.com	0	\N	\N	iVBORw0KGgoAAAANSUhEUgAAAV4AAAFeBAMAAAA/BWopAAAAGFBMVEXn5+dUWFn////19fXb29vi4uJFSUqWmJlAL7LBAAAcTElEQVR42rScTXPbOBKGEUrYXMPMDH1VSHt8dUh5c1VsKnNFxdQPUFXGvibOlv33F0A3PgmAlAUqFzOS4daL7gb6YYOkhteGwOv8y9t/Xn+V4vX62j9kHVle2u8wZl9S592D/Xv8g9bllbygVLzz+qt6fDxKex/5Dxev35uOv8esoSh1THCHgivq2HsY2dtIE+gBLlthETkciDC/gQ8emPw2DYx64H+UEgpX9Q1/i4pRt6/c2NJ+cZNf++6Wf57AwGIoccVwqM2B8ZGYGUp8m8PBWMXEn4YrYRX82ErTD2Bv20oV+MfEqGAvlfKSplX2ChEOcNWBCith7bH0X/z/Xu87KUyHQ0kNm8YaiuBQ7Q0MzJS98kpa1bRG307+KAbiH2w6pYJ4t21BBbCwg3FumZhFiiq04nfJzT9lwFq0+H8rPlRjhuK/3YGFt8J4pobqpHscwAE6UHEAezvjD8LCDaPDHlSQs0Z7IS9pYNgrfsWnfFD2SuOHPcjbbihZ3f6KWAtu8fpwU5uhhKA41Fb4BjFDiYH7nbaXe0MvnQBVlK7RgQPIgeCNesONF2GBKmx30sK+BRVuhKBDD6N2/HdX21+PZeJVPV7cw8D1di/l7dGXwAF6BgMLM4jQTVtFuPFi1lFFZkzvhbxMq7ATNq3hqtlKTZQKMGv88/JvcBVW71+S5gqFj3e1PVSvh5LyWoLSfg+CSnvXoGLXYXBqBxBvcEXRAbY9qACadLci1/F5AhXkrA09U77UvK+O5dSrAoPlUMImPRSTM6u+uhgY3NKoaNzyYBxAyssjCgWVDrBWDrABTbQDUCmvUuF6hrlocAMOsAYHkL5EXAeg4ACNUVG4JfqStFf+eAnyrlHQrQha0tsOgGGgVWBKhctZ5oLBaijbAdYqoqS9Ul7tACCvUlEkk7rVYeBGlFahQRV6UAGSn5wO+TeuXuaZyw1+Khrbl2AoPy/tLAe4BHkH45a41IkwoE4Y6IjCWZMDWSrI1UT8xV9zzeUGX7QwlB1RVM6scgCQVzvAXkS9o2JtTHfCgLC1iagNdcOAmjD4+ljOfz3+KYZaG18SX30PDmDnJWrykqui2j9w06kTUURFlJo1MZClggqD61PM5QY/b0BePRQd5SXq5CU5s1Zekq9+X6D/4/pS4HRhYBXo/yhGgctIz7ZVedqLx1yDQ/UwFJiG6ekeZ55B/HxH+SD7C6tkmuUTVODMY2AVOF0oRoFfH9PLA379/c3L8UR7qwv86kIVruQKZx4D6x5nPqQiA3uJyFviRzkQhZkvcLowsJQKUl5GlAoPX081l3vET0igIC/VX11ue/o7nHm5uIKK4k/jKl3In6T/F7gug7y0sFTgBloqUK1C057sDegRcig5sOUAMn4K5QCQngpcRsBGKvXVpoOgME8xB4B5QhVOSWWWR/wph4K81aMDtBhYBa5IRKsodWMQOOgPYLp2ACcMgipAGLQn5gaTI8Rvy4ExooQDQHrSDgDpyVJR/OmibnH5Fhmg1Q4wJwy4vC9vMpcvc3qoIZ6X1sG8JPxhYJYDCHl5zXRvHEBE4J2jAiST9vpYvtHgZ+kAzOSlNpyXmLIKk/RKfA5KnUIJChuzWBjAYipVaN4orxC4tVOqnFk/L0HgFI2Vl4jIS0SUn1REVKvCgCXDYMAwaD+/VV7uwR/qGuR1FiYrL0nvpYG8hGBBR9TOWlj4l/PCgKow4PJW5Rkv+Op+XnIXJhrKS+J/qRNRYmb2jgOEludz5OUe8dGkVCsv0fjyTFFFtYEwC4tMcGp5pl4YwDwVb08O+HqqJ/MSDeYlAvW02VlQFVGYBwPLswjO6+NZ9j4+38CU23mJW3hvO0AoLxHc91oRRUfLMzHLM4bBmfLyFHHjbPUwL7n7Mycv4fJMYhXPeJcqIJLa9n85T16Rg6MVDyF22WCqZ4tHteOKxy38ver54du59pY/mrl1o102EF3ysmjFgxDJVM/Ndluda255LCbqRmkV9apnGiv8B7fwd1Xo3p0tL+x6ghXP2nEAp3oGwhso/K8gsNy6b61UaF7ONlfuegJ1Iw3wKFM9WzzKL/xhGemC1fP1+fJyge88IIkkJlU9C3uRSA+wcwg7AKqgwuBzDnurP6QD0BCJYeHq+VKiYFP4ExtI+oW/FQYZ3EGucdN5abDzUi3YZo2C9kDMIoU/tSFSFncQDhEHkrWXl1rNyRWPcok0YNne4VE6DD7nsbf6UI9JzDqQl4iyytgrgCQlNpAkcSCZxx2EQ6i8RJ2FKcKjmhGPshcWFl2eL4+Z7BUZYoMbMwtI0uTyPI6oKJBEFT7lspfvgiEv0WReslSkeP9tvLCElmdUIZc7lOXFiXlJ73dsxD8BJOumymbvsVVAcogDSXd5JqcBSf4dvhyz2Vv9ngaSyKMo4hNyEpDkH1x9zWjvn+tJIGlVzwx4X6DwjwFJ/sFVPvflGW09CSSd6rlWZTWbBSSFCtsqo73H3RhINg6QtKker3ORR5F5QFJUzxndVzjwFJC0qmehYg3365lT+NMIkJTV87us9n6YAJJW9SxURB7F/00W/qhCkdN9uQO3E0DS5CWhouZR04W/urtRZbX3OCYxDpBUKsLuRthLZWfDHCAJKhyz2lvd2XmJBoCkoXrU5lHTQFIMRMn7zPY+20AywaOo5lGQ+aaBpFSBfM1s78ckkHRVxPWCmYUlAiQNlmV5w40HXDMBJFVeUjwKgYqOKBYAkiY7syq7vVN5yb9fyJz7hSEgabDssM5sLt6NS+WlDlS09jvrCSBphcGXY2Z7q+cJIKn3Z4woPjkDSML6MrTX2e39YwJIutUzmwkkVTvP37n9ofwQbefpxlRP9nPNAZJQBOzrb9nt/XGTBJKAnex+Ls2jEkBSY9mX7PY+bVTF0wWApFc9H3Qb5lWi8Bd1HyTAuspu79HUjQEgCfterSKz+rlSQFJ2r/KBNmX+1/0wu50n1c/lAEnJz/gnLo/Zza3ue7/P1AKSYxVj/VxEdbXZWPZ6AXt/mtYwDSSJk5dsquf1c4WBpG6Q+7SAvX8d4kAyQPXqGUBStC/L9PFpAf/9i8SB5KjblpE5HZIYBmz13wXs5QmYxYEk9ajeafcL8y8XZSUWjLn3CxmZAyQxDFheVqIXjJs0kOwD9wsjHZLE6xN9WMReyUKjQJIG+tfTQFI3ndNdtYC9xw2Jdm7rxl2zP4OFK1X4mzKlXcLeMgkkvXaeWvdzRYGkVfc1S5h7bJsEkHSq56KtCR5kiQNJyicAq+cltg9lWSSApK0iFSpyd4gX/k2H+14sUy6X8IfqLgEkLarHLB7FEkDSqp4X2O5IexNA0m8zlEe9WApI6jBYzN4EkDQqMuRRlMQ7JG0sK9LL9SL2PieApNvO8x37lZNAUmFZcdJiOXtdINkZIIkqMqR68mvEgSRV2VmuLwvq6wDJ2gKSQPWIonokDSTduxvL2TvmUS7VY4rqyTcSQJLafaLL2RsAkoyGTgHAG3EgCZkP8+Bi9rpAsnF5lE31xvcLXSBJneV5MXtHeYlKecdUb3y/0AWSamFpF7U3mJeGvXPXdYf3NyeAJNzXRbdayl4HSDYOkHQPwzS1e8B0BCRdfPJlEXt/p4Bk7/ZzmWPBE+cLZRZZRN/y96iPgZLJ84UxIGlOhfKBtovou1vsfOG6XMTeEZCkbzhf6Bb+kEW2i9Rvex9IUr9unHW+UO4c3DCgi9RvOx9IEhufkOT5Qh9IutXzahF9yRhI2ueePaqXBpK68JdhsAgvKTdpIOmd0kwCSWbwiVhfluI7LA4kfao3PmDqAEl9/B/Wl6V4VBxIulSPkjSQNO3WsvxbgvfJG0QWkEyfe6bBI9uR5Zke/rOAvf9SF0gyGm8zdPvXx0CSqjwIxwz3S/D1Dzd2Xgqee3bvFzZxIDmY4/9yoCXuX/z27hfScV4KPf8hCCStMJDH1ZaxN3yAoRvfL5QPZ3HOF9bpczwLbHiquySQtNt5qOrnigJJv51nvcD9zdYCksQHkqOyQfGzMJCs8cEqqu5bYkG2gSQdA0lz+jtwvtAHklbhLwdaYIF7ip4vZHPPF8aP/6/yLxj/Niedew6cL7SA5Kid513ugKs+OucLPSBpU721OV8YBZKjMHif3d7nOXnJOl8I8kaApC78FZbNby8+RigKJEFFpqge8Qp/F0iOjv9nT2h4bC8OJL1uW0hYMSA54vLZE8STzksRINn4z3+AB+CEgaTi8rrbNnuC+GHyUhhIOlQP+VkUSOJTMKxu28wJQhxxSQJJr9u2RnkjQBKWZzqY5TkzkgJYnQCS3vKs+u1ZGEjCUzCoeQpGbgQh2ycTQNLrtjX7nTCQDPSJLta/TlN5SXfbKn4WBpKB2+ZZA676MQEkUT7rOXzO+UILSMYez5S3JPo4ASRj5wsDQNIp/KmunrPeg6vu0kDSOffsnS8kfiNK+IFnWVsSjzOAZOx8IZ15vvBb1tViCkiOqF4SSPphIIzP6cAfZwDJwPnCKJB0jv+jChkd+PFuBpAcRs9/iAPJULt185JxszMDSNpUj5E0kAwes/12zJZ9ZwDJIfY80hCQDLZbZ4Mm1fMkkPSpnvU80hCQtJ9HqrvarnJlNIEeZualZsSjgkByCIVB+5LNHUIdkrG85D2PNAgkg2GQ6xCGcIfIuWfneaTUqOg+jzQAJPVjee0wuHrM4w5FqEMympfU/cImCiR1GLReGGR6XkWoQ3J8/N9bnimbKPzp6Lb5Q5Yi4/HnMOeBZ147z2nnC1GMLkeGOO5CHZKxsoEh1YPzhVEgGWznYasMS0Z1sQ53SNpActzOA+cLh3jh77bzQBYpMmSI6ufgn3tm4fOFjfs80iSQjLTznB9x1ROd/SDG/1d3PW9t61jUxfGwxR1G3lI7HbYeOwzblCRkq1Jn3lrfMMoWSpr8+2P9sC3JkqxAm8j+3qK0r83hcnUtHd17jnh6pvOFlfN8IRP3XhQfllwB1xP60RZCUtvOc+R8YROFD4tWoLkjIZkp84VCo7COkGSy8VIUKLn9wblecB1JQoxmQjJjc8+c1Wv6sG0Hf6iT5Z197B2HH5gO/yAhqbB6TR+2Rf8hUNoauXjeh0oa2GaOhGQm1aVC1H/QEpLKMmiLSXb7kQCjn6kixOhUl55KrkdqISQDRZa3UU8s9ugD4SUjxZELIanUJf19oUhIQpMe6RR/JLwDQoyBqc2Qy2uYCUllGXS3ptm7Mxg8p9IAg4WQ7KVlEGgISUGWF5pled9NrSLSYQ8dCUmlLpnmC1XVfM2Y7XuVeGjtdSMkZ4HiYyHMF0a2g7/q5kGD8c4Aozl0FTyTjw2pos+lJyRl2Tepnef+PUsO7yJxZHuQkGzdPET+zEJIWrpt03fUNJAEAyceiZCMFDePo+YL5dPzZFkcP1AE0LyiGzNnQrLSzxcGtoP/VFoGZbcMjs6IOhuOIyTt84U6QtLczpMevU/D1zdMiLFyJSQrkdULoNvBv4lCIUSBLoPs61EpDLbFUYTk164uDemRMsZMjoJIn/CmJkezmSZ5H0hJhUcQkjKrx/AaCEmob7dWVDCOSGGA35hBEnQnJJu6JPBnhYGQVGR5xW5bydTmErvCfWkSwJmQVOqSwEf17guh8+vZzcIF4B1fUdCdkGzqUtH1rxdySTUtg8isgpG9Yje4DooqCiEppmWq6JEKO4tCXQbQJst7ExwwcoGbHktIzqBw66r0r7clVUNI2k1tpqtyPVAlMNp1PceVMyE5U+sSfwYISXGXCvW71BmwhRijhVOHpH2+ELrMF/JGlCFTm+zGbFiHcfKUaR0YjIQkVFi9oJsvjIYJych8em5NbdJ0rQ8xwNtdahvZthOSimoYm44dJCSF03P9D2nF84p0dogVe8iY+EXu2M/YtUNSISQ/Ml/Ix2wrA7kdlhQxRgiBmPxX/zo5PKTHdUjytDTNFwYO84VtAshuHn1TmzDYLA+vJKqYRDo5LGFZZK4dkpXsY/H++ULZzcNqahOSvzlZ0mde70ZypXN7ciQh2ZsvbPqjLIRkpHfzKHQkUsS/LMssr6g3qawhWbkRkoY2w4LrkToQkjwKsFkGmdnURqrOgdYZpnAlJDV6pNTOdZiQ5PQJJ7cvf6YmUxttSZU7t4vpSxm4EJKKzVSnR2pJAFH3r1kGa7y9cDG1aUqq3LmdTvf4OsyPqkuy/sMwISlEISzrdxlO3E1tOiVOnkuvKMbJj2iYkCwFVq/tX4dWQlKS5SXNltx8FV87m9qondt0wwySee5ASCqsHoXrRkjyZdB6xeJdXg2Z2ihKnKyk8v093i7ywE5IylHk94VyhyQckAsPJ83WEdQ5SK12jyypa9zt2vKj/QuPICTptn8qHODxrx6JlA5pSGbrblcEtg9WQlLj5jFMSBaim0chwq3P578GTs/9E89apLDwdh5ZCMn+sSEYJCSFMVsYFV9l42B2hhwytRE1JNfynpPmMBQJSagQksfOFxatm0edqTeqYyHAzGLVUUMy6x2lcbLI36dHWvV0/2BnRMLCO9EchEHykFlPzwITM9X8fZyE0uB7NKhHmmn0SNtzXyGcngPtuR3Hv8p8wBKWcA5FeguwlhAuK5GJiczj/1+Pmi8sDbwIQIcF3TQZTs8svMHN2nDAA7vISEjKrJ7AR/V5+UAwSCJpFf4FjNxCsqu/JSiSSIqURJivjaRKXWVyW10SoghN/Vx9QjK8t1AM9blnVeZaDUmSS2FZvWJsoS0XubXN0KD/oBKSlVhS7+xEL0kKdkxW73huynJyAHa7922ovyiZ9qcAOv0HGyEZlEPeq/VhPpkXPSkJEqNXMERXgWunNkNZ/wHqjUhoXQn/cqL0ksOK+pfVTxCyjdbBlgldQr1lmvvC0nZfaCUkHa8Gyak4ORzYcXO5ro/KGLuxw1wnvE9ISq/nVv9BQ0iKr+fM/ZYCYfFByPlmw0RIiq/nIAicCMkjp7IAiBF5jutHMxCSyn2hAyFZl7L4jz8AveU6QrI3XzhISAbHu3S/r+kkrMw2BpOmnyvSzRdKhGT47RRw6+c6stsYRFI/l5GQnIHTwI3Rm8t8IUUYmQ/+5f5E4Y3jpHSdLzQTkuHlyeDG+KVwmy+MzITk3f5kcOsl92SwPe/mC1t/aT0fdbLFxgJ8NWQzpe1fFw7+J1tszWtZuij5ITMxTzp/aYmQDF/RSfHWGzWJkOxdlPT0SOUXyz2OT/twW9llX9W10yO1EJL7E8Pl+55em2F7UULhGgnJWxSfHPDPXpuhfF/IXn16QvLk4Y2pYgEjJCe6i5LAtLM4U3hJBlvvCy0kUn6O8NYB3syNU5qB6C+tHPxP+SaWAkzpiMH5wh4heabwEq93xWUI2uYLW0Ly/jzhJYflXKF1LfOFLSEZnim8NMBKt61lvrAhkcKzhZdojFn0SFM9H3W+8NKXnFmP1EBI3p4vvI3m/YAeqXTwP+2+17BNs+qRyoTkife9vX3wk57VU/xxWkIyO2t4qTm9EEUDHyUSkucNb0xcRzTdtlBzX0iX5i06M1ymGm65L5QJyf25wxtv22ZL8b7QQEhO0dnx4ofm1lX1x9EQkt/Oj5dO7Uj2wrI/jnjwvzv7aiMlbSFGUfDHqXodkpfIA7xEWFVi9SLTfGG4j33Au83Fdp4oMM4XznxIB5oQIqsHxflCsRMp/I68wAv+kXd8VMRFPfl8ocSkeJEOpATnmvnCqNcgd488wYtf2ihGgeAvLXci+VB8mxJ80UYx6vRI1Q5JEPvyoP4UQNC76fImHQT1xK7PlLGpwn3h79D6+G3Ps/a+UOyQDHJ/0oHugtX7QtLYLt4XepQOnT092zxCzX2hV+lQvzJ6/oVKV1vqVTrEKFr1+7lSwYjkFnmFF7xY5gvJS+S7X3jj65z2mZrmC73ZOwibSuN8YV0qLj0Lb4wXpCCU2vlCGGy++YaX2E1sjPOFc8/SgW4q5c5tcXC9msT+PQuxcxuK/VyTlXfpS46dTT9Xj4+q5o/+hRc8T6Cej5osQ+BhPiDx0k3Qf4iq1T3yEG/8pvSvd/eFn3zEC67uuk2OpEca7n0Mb5zkOn+cOrw58BIvCqHgXyjMF956mb5x/JNOacJuvpAPcn3xEy/4nDZzz60/TvSj9IFUNySwMKsq+ksDT/GioqdHSqDPPE3f+tTJunaa+cKI8VFfvMX7WZgvpOOQBHr2GPv6EEu7To804tCBt3jrCtyI57F2OQJ9irzFCxaCHmnE+ahbj/G+NSYzTaNXjfc/sb94n3N649LxUTX0vb944+0d46PS7r4wAx7jRXO5fz36LZLJf5aWglz/gfsXfvEZb3zV+hdyPurG5/RliqDSfGHuNV5mCybOF06B13jRhdLP5fVya7quBf7si+d4PyvzhY+x38+z3M+V7j3Hu5X1HzLgOd64kPylp8hzuOBB0H8o0nvf8dK5l07/4Z++pwM1OmT8GWnvfPQe77N0X+h7eWBv5GlzX+h/eYhRIdwXel8eqNFs1vrjXI4A71vU+EsHwacR4L2a8PnCuqh5Xx7IDmLS+EsHF/sR4N1OOn0uMAK8KGjnC2fxGJ5FO184gvJASSmeD5vvI8Jbh3f1bQzpAK4aPmr+OIr8fc65HumP/SjwbvOQ8mebEIwCL8r5feHdOPDGkN8XztAo4IIXfl94Pxa83B/ndiR4f3L+4ctI8H7meP82juUW/5fxJdnjSPA+8/juR4J3y/GOpPzGaGR4Y8ZHTdFY4vuD8lG3Y8ELFptx4X0jfNSI8L5QvP8aDd5r2r/+77GUBzIsUMd3LK830gYxKrwxHW4I9+PBSz1BwLjwXowHL6L8Qzyeh07ujQcuuqjxjuR0TAvag1/zsMN4C+8m9Own5JHFl+C9HBneT+PBiwne7yOK7+c0CL+N6H3x95Hhvarz4XFE+fC/NEi/AzwStBhdE+XE2aH+1RjQHlY56+eavPqOGGOULNr5wjT9SmKM/EUbU3cNQY80m6zJN+HjJpJYTF6wJmVhvjAMovUrwNi/tE12oV6PtLxZ1mnhUZCJIcVhGZatqquo/7CiU3uZN0EmeZDs5mEp2LmI+g9M84h0Ta1f8bkhEwfPZLegctqyvbDkj8NMbYp0cojPGWWSk7Qg6PRI074eaV3g7pbMWvUcOVtXr2UhWAMZ9EgjyScsLO+IteppM4N+2mEVlkIUoUGPNAoknzAi5FaWd2vuYHuK5UUCe1gVZZ7rbKak/nXRZj2TXLbTsl5/JJv/IGZAq2iy+5He0J+5ajNl1yPNZLlwWj3WBxpnjMGfCCuLK/mgO9gzSOr74wTVhimdM3+cCop2LivIdCCLLK+XILMK/j2hRuz7T+o3AsGWq7aa9Ue3di7CfCHpMGE2nhQgm3+64GW5mYZi4okpWYOHxt8YvDPWCLGg1jWLhZVsXyDpO91sLgQ33A2PIkVFMDbzkATTRcoGn6heIiS+s/RHwobrgydWXlIy0pXl1bwi+QFaFyfgnKXc9YmZVsEwLdlGJqMBrT/6gpdTMmXMoph2UYy4nw//ZSoGlMFNyXcFYfDE6wvrDg0K9o/mNepD0hRNlihyqqAmlsxvOk5qnLsldQKrq0Bdk1hAUxpQyANKPjpiOpNNFCPmgtLq99E/YXjZALX4JYmv/GXzp2WakTW8CDbL5ZqAPySJEtTXV/Lbux3x/1oRA8+Cv1B7nwvlLyPpy6j5n/8P6vERrXTt9ZIAAAAASUVORK5CYII=
7	test	test	test	a665a45920422f9d417e4867efdc4fb8a04a1f3fff1fa07e998e86f7f7a27ae3	test@test123.com	0	xzglHJvok36lRH4RaF3amv0Bdmx9vksv224JPkz62WCXkZDNlvdeo2JjeBomsnh7	\N	iVBORw0KGgoAAAANSUhEUgAAAV4AAAFeBAMAAAA/BWopAAAAGFBMVEXn5+dUWFn////19fXb29vi4uJFSUqWmJlAL7LBAAAcTElEQVR42rScTXPbOBKGEUrYXMPMDH1VSHt8dUh5c1VsKnNFxdQPUFXGvibOlv33F0A3PgmAlAUqFzOS4daL7gb6YYOkhteGwOv8y9t/Xn+V4vX62j9kHVle2u8wZl9S592D/Xv8g9bllbygVLzz+qt6fDxKex/5Dxev35uOv8esoSh1THCHgivq2HsY2dtIE+gBLlthETkciDC/gQ8emPw2DYx64H+UEgpX9Q1/i4pRt6/c2NJ+cZNf++6Wf57AwGIoccVwqM2B8ZGYGUp8m8PBWMXEn4YrYRX82ErTD2Bv20oV+MfEqGAvlfKSplX2ChEOcNWBCith7bH0X/z/Xu87KUyHQ0kNm8YaiuBQ7Q0MzJS98kpa1bRG307+KAbiH2w6pYJ4t21BBbCwg3FumZhFiiq04nfJzT9lwFq0+H8rPlRjhuK/3YGFt8J4pobqpHscwAE6UHEAezvjD8LCDaPDHlSQs0Z7IS9pYNgrfsWnfFD2SuOHPcjbbihZ3f6KWAtu8fpwU5uhhKA41Fb4BjFDiYH7nbaXe0MvnQBVlK7RgQPIgeCNesONF2GBKmx30sK+BRVuhKBDD6N2/HdX21+PZeJVPV7cw8D1di/l7dGXwAF6BgMLM4jQTVtFuPFi1lFFZkzvhbxMq7ATNq3hqtlKTZQKMGv88/JvcBVW71+S5gqFj3e1PVSvh5LyWoLSfg+CSnvXoGLXYXBqBxBvcEXRAbY9qACadLci1/F5AhXkrA09U77UvK+O5dSrAoPlUMImPRSTM6u+uhgY3NKoaNzyYBxAyssjCgWVDrBWDrABTbQDUCmvUuF6hrlocAMOsAYHkL5EXAeg4ACNUVG4JfqStFf+eAnyrlHQrQha0tsOgGGgVWBKhctZ5oLBaijbAdYqoqS9Ul7tACCvUlEkk7rVYeBGlFahQRV6UAGSn5wO+TeuXuaZyw1+Khrbl2AoPy/tLAe4BHkH45a41IkwoE4Y6IjCWZMDWSrI1UT8xV9zzeUGX7QwlB1RVM6scgCQVzvAXkS9o2JtTHfCgLC1iagNdcOAmjD4+ljOfz3+KYZaG18SX30PDmDnJWrykqui2j9w06kTUURFlJo1MZClggqD61PM5QY/b0BePRQd5SXq5CU5s1Zekq9+X6D/4/pS4HRhYBXo/yhGgctIz7ZVedqLx1yDQ/UwFJiG6ekeZ55B/HxH+SD7C6tkmuUTVODMY2AVOF0oRoFfH9PLA379/c3L8UR7qwv86kIVruQKZx4D6x5nPqQiA3uJyFviRzkQhZkvcLowsJQKUl5GlAoPX081l3vET0igIC/VX11ue/o7nHm5uIKK4k/jKl3In6T/F7gug7y0sFTgBloqUK1C057sDegRcig5sOUAMn4K5QCQngpcRsBGKvXVpoOgME8xB4B5QhVOSWWWR/wph4K81aMDtBhYBa5IRKsodWMQOOgPYLp2ACcMgipAGLQn5gaTI8Rvy4ExooQDQHrSDgDpyVJR/OmibnH5Fhmg1Q4wJwy4vC9vMpcvc3qoIZ6X1sG8JPxhYJYDCHl5zXRvHEBE4J2jAiST9vpYvtHgZ+kAzOSlNpyXmLIKk/RKfA5KnUIJChuzWBjAYipVaN4orxC4tVOqnFk/L0HgFI2Vl4jIS0SUn1REVKvCgCXDYMAwaD+/VV7uwR/qGuR1FiYrL0nvpYG8hGBBR9TOWlj4l/PCgKow4PJW5Rkv+Op+XnIXJhrKS+J/qRNRYmb2jgOEludz5OUe8dGkVCsv0fjyTFFFtYEwC4tMcGp5pl4YwDwVb08O+HqqJ/MSDeYlAvW02VlQFVGYBwPLswjO6+NZ9j4+38CU23mJW3hvO0AoLxHc91oRRUfLMzHLM4bBmfLyFHHjbPUwL7n7Mycv4fJMYhXPeJcqIJLa9n85T16Rg6MVDyF22WCqZ4tHteOKxy38ver54du59pY/mrl1o102EF3ysmjFgxDJVM/Ndluda255LCbqRmkV9apnGiv8B7fwd1Xo3p0tL+x6ghXP2nEAp3oGwhso/K8gsNy6b61UaF7ONlfuegJ1Iw3wKFM9WzzKL/xhGemC1fP1+fJyge88IIkkJlU9C3uRSA+wcwg7AKqgwuBzDnurP6QD0BCJYeHq+VKiYFP4ExtI+oW/FQYZ3EGucdN5abDzUi3YZo2C9kDMIoU/tSFSFncQDhEHkrWXl1rNyRWPcok0YNne4VE6DD7nsbf6UI9JzDqQl4iyytgrgCQlNpAkcSCZxx2EQ6i8RJ2FKcKjmhGPshcWFl2eL4+Z7BUZYoMbMwtI0uTyPI6oKJBEFT7lspfvgiEv0WReslSkeP9tvLCElmdUIZc7lOXFiXlJ73dsxD8BJOumymbvsVVAcogDSXd5JqcBSf4dvhyz2Vv9ngaSyKMo4hNyEpDkH1x9zWjvn+tJIGlVzwx4X6DwjwFJ/sFVPvflGW09CSSd6rlWZTWbBSSFCtsqo73H3RhINg6QtKker3ORR5F5QFJUzxndVzjwFJC0qmehYg3365lT+NMIkJTV87us9n6YAJJW9SxURB7F/00W/qhCkdN9uQO3E0DS5CWhouZR04W/urtRZbX3OCYxDpBUKsLuRthLZWfDHCAJKhyz2lvd2XmJBoCkoXrU5lHTQFIMRMn7zPY+20AywaOo5lGQ+aaBpFSBfM1s78ckkHRVxPWCmYUlAiQNlmV5w40HXDMBJFVeUjwKgYqOKBYAkiY7syq7vVN5yb9fyJz7hSEgabDssM5sLt6NS+WlDlS09jvrCSBphcGXY2Z7q+cJIKn3Z4woPjkDSML6MrTX2e39YwJIutUzmwkkVTvP37n9ofwQbefpxlRP9nPNAZJQBOzrb9nt/XGTBJKAnex+Ls2jEkBSY9mX7PY+bVTF0wWApFc9H3Qb5lWi8Bd1HyTAuspu79HUjQEgCfterSKz+rlSQFJ2r/KBNmX+1/0wu50n1c/lAEnJz/gnLo/Zza3ue7/P1AKSYxVj/VxEdbXZWPZ6AXt/mtYwDSSJk5dsquf1c4WBpG6Q+7SAvX8d4kAyQPXqGUBStC/L9PFpAf/9i8SB5KjblpE5HZIYBmz13wXs5QmYxYEk9ajeafcL8y8XZSUWjLn3CxmZAyQxDFheVqIXjJs0kOwD9wsjHZLE6xN9WMReyUKjQJIG+tfTQFI3ndNdtYC9xw2Jdm7rxl2zP4OFK1X4mzKlXcLeMgkkvXaeWvdzRYGkVfc1S5h7bJsEkHSq56KtCR5kiQNJyicAq+cltg9lWSSApK0iFSpyd4gX/k2H+14sUy6X8IfqLgEkLarHLB7FEkDSqp4X2O5IexNA0m8zlEe9WApI6jBYzN4EkDQqMuRRlMQ7JG0sK9LL9SL2PieApNvO8x37lZNAUmFZcdJiOXtdINkZIIkqMqR68mvEgSRV2VmuLwvq6wDJ2gKSQPWIonokDSTduxvL2TvmUS7VY4rqyTcSQJLafaLL2RsAkoyGTgHAG3EgCZkP8+Bi9rpAsnF5lE31xvcLXSBJneV5MXtHeYlKecdUb3y/0AWSamFpF7U3mJeGvXPXdYf3NyeAJNzXRbdayl4HSDYOkHQPwzS1e8B0BCRdfPJlEXt/p4Bk7/ZzmWPBE+cLZRZZRN/y96iPgZLJ84UxIGlOhfKBtovou1vsfOG6XMTeEZCkbzhf6Bb+kEW2i9Rvex9IUr9unHW+UO4c3DCgi9RvOx9IEhufkOT5Qh9IutXzahF9yRhI2ueePaqXBpK68JdhsAgvKTdpIOmd0kwCSWbwiVhfluI7LA4kfao3PmDqAEl9/B/Wl6V4VBxIulSPkjSQNO3WsvxbgvfJG0QWkEyfe6bBI9uR5Zke/rOAvf9SF0gyGm8zdPvXx0CSqjwIxwz3S/D1Dzd2Xgqee3bvFzZxIDmY4/9yoCXuX/z27hfScV4KPf8hCCStMJDH1ZaxN3yAoRvfL5QPZ3HOF9bpczwLbHiquySQtNt5qOrnigJJv51nvcD9zdYCksQHkqOyQfGzMJCs8cEqqu5bYkG2gSQdA0lz+jtwvtAHklbhLwdaYIF7ip4vZHPPF8aP/6/yLxj/Niedew6cL7SA5Kid513ugKs+OucLPSBpU721OV8YBZKjMHif3d7nOXnJOl8I8kaApC78FZbNby8+RigKJEFFpqge8Qp/F0iOjv9nT2h4bC8OJL1uW0hYMSA54vLZE8STzksRINn4z3+AB+CEgaTi8rrbNnuC+GHyUhhIOlQP+VkUSOJTMKxu28wJQhxxSQJJr9u2RnkjQBKWZzqY5TkzkgJYnQCS3vKs+u1ZGEjCUzCoeQpGbgQh2ycTQNLrtjX7nTCQDPSJLta/TlN5SXfbKn4WBpKB2+ZZA676MQEkUT7rOXzO+UILSMYez5S3JPo4ASRj5wsDQNIp/KmunrPeg6vu0kDSOffsnS8kfiNK+IFnWVsSjzOAZOx8IZ15vvBb1tViCkiOqF4SSPphIIzP6cAfZwDJwPnCKJB0jv+jChkd+PFuBpAcRs9/iAPJULt185JxszMDSNpUj5E0kAwes/12zJZ9ZwDJIfY80hCQDLZbZ4Mm1fMkkPSpnvU80hCQtJ9HqrvarnJlNIEeZualZsSjgkByCIVB+5LNHUIdkrG85D2PNAgkg2GQ6xCGcIfIuWfneaTUqOg+jzQAJPVjee0wuHrM4w5FqEMympfU/cImCiR1GLReGGR6XkWoQ3J8/N9bnimbKPzp6Lb5Q5Yi4/HnMOeBZ147z2nnC1GMLkeGOO5CHZKxsoEh1YPzhVEgGWznYasMS0Z1sQ53SNpActzOA+cLh3jh77bzQBYpMmSI6ufgn3tm4fOFjfs80iSQjLTznB9x1ROd/SDG/1d3PW9t61jUxfGwxR1G3lI7HbYeOwzblCRkq1Jn3lrfMMoWSpr8+2P9sC3JkqxAm8j+3qK0r83hcnUtHd17jnh6pvOFlfN8IRP3XhQfllwB1xP60RZCUtvOc+R8YROFD4tWoLkjIZkp84VCo7COkGSy8VIUKLn9wblecB1JQoxmQjJjc8+c1Wv6sG0Hf6iT5Z197B2HH5gO/yAhqbB6TR+2Rf8hUNoauXjeh0oa2GaOhGQm1aVC1H/QEpLKMmiLSXb7kQCjn6kixOhUl55KrkdqISQDRZa3UU8s9ugD4SUjxZELIanUJf19oUhIQpMe6RR/JLwDQoyBqc2Qy2uYCUllGXS3ptm7Mxg8p9IAg4WQ7KVlEGgISUGWF5pled9NrSLSYQ8dCUmlLpnmC1XVfM2Y7XuVeGjtdSMkZ4HiYyHMF0a2g7/q5kGD8c4Aozl0FTyTjw2pos+lJyRl2Tepnef+PUsO7yJxZHuQkGzdPET+zEJIWrpt03fUNJAEAyceiZCMFDePo+YL5dPzZFkcP1AE0LyiGzNnQrLSzxcGtoP/VFoGZbcMjs6IOhuOIyTt84U6QtLczpMevU/D1zdMiLFyJSQrkdULoNvBv4lCIUSBLoPs61EpDLbFUYTk164uDemRMsZMjoJIn/CmJkezmSZ5H0hJhUcQkjKrx/AaCEmob7dWVDCOSGGA35hBEnQnJJu6JPBnhYGQVGR5xW5bydTmErvCfWkSwJmQVOqSwEf17guh8+vZzcIF4B1fUdCdkGzqUtH1rxdySTUtg8isgpG9Yje4DooqCiEppmWq6JEKO4tCXQbQJst7ExwwcoGbHktIzqBw66r0r7clVUNI2k1tpqtyPVAlMNp1PceVMyE5U+sSfwYISXGXCvW71BmwhRijhVOHpH2+ELrMF/JGlCFTm+zGbFiHcfKUaR0YjIQkVFi9oJsvjIYJych8em5NbdJ0rQ8xwNtdahvZthOSimoYm44dJCSF03P9D2nF84p0dogVe8iY+EXu2M/YtUNSISQ/Ml/Ix2wrA7kdlhQxRgiBmPxX/zo5PKTHdUjytDTNFwYO84VtAshuHn1TmzDYLA+vJKqYRDo5LGFZZK4dkpXsY/H++ULZzcNqahOSvzlZ0mde70ZypXN7ciQh2ZsvbPqjLIRkpHfzKHQkUsS/LMssr6g3qawhWbkRkoY2w4LrkToQkjwKsFkGmdnURqrOgdYZpnAlJDV6pNTOdZiQ5PQJJ7cvf6YmUxttSZU7t4vpSxm4EJKKzVSnR2pJAFH3r1kGa7y9cDG1aUqq3LmdTvf4OsyPqkuy/sMwISlEISzrdxlO3E1tOiVOnkuvKMbJj2iYkCwFVq/tX4dWQlKS5SXNltx8FV87m9qondt0wwySee5ASCqsHoXrRkjyZdB6xeJdXg2Z2ihKnKyk8v093i7ywE5IylHk94VyhyQckAsPJ83WEdQ5SK12jyypa9zt2vKj/QuPICTptn8qHODxrx6JlA5pSGbrblcEtg9WQlLj5jFMSBaim0chwq3P578GTs/9E89apLDwdh5ZCMn+sSEYJCSFMVsYFV9l42B2hhwytRE1JNfynpPmMBQJSagQksfOFxatm0edqTeqYyHAzGLVUUMy6x2lcbLI36dHWvV0/2BnRMLCO9EchEHykFlPzwITM9X8fZyE0uB7NKhHmmn0SNtzXyGcngPtuR3Hv8p8wBKWcA5FeguwlhAuK5GJiczj/1+Pmi8sDbwIQIcF3TQZTs8svMHN2nDAA7vISEjKrJ7AR/V5+UAwSCJpFf4FjNxCsqu/JSiSSIqURJivjaRKXWVyW10SoghN/Vx9QjK8t1AM9blnVeZaDUmSS2FZvWJsoS0XubXN0KD/oBKSlVhS7+xEL0kKdkxW73huynJyAHa7922ovyiZ9qcAOv0HGyEZlEPeq/VhPpkXPSkJEqNXMERXgWunNkNZ/wHqjUhoXQn/cqL0ksOK+pfVTxCyjdbBlgldQr1lmvvC0nZfaCUkHa8Gyak4ORzYcXO5ro/KGLuxw1wnvE9ISq/nVv9BQ0iKr+fM/ZYCYfFByPlmw0RIiq/nIAicCMkjp7IAiBF5jutHMxCSyn2hAyFZl7L4jz8AveU6QrI3XzhISAbHu3S/r+kkrMw2BpOmnyvSzRdKhGT47RRw6+c6stsYRFI/l5GQnIHTwI3Rm8t8IUUYmQ/+5f5E4Y3jpHSdLzQTkuHlyeDG+KVwmy+MzITk3f5kcOsl92SwPe/mC1t/aT0fdbLFxgJ8NWQzpe1fFw7+J1tszWtZuij5ITMxTzp/aYmQDF/RSfHWGzWJkOxdlPT0SOUXyz2OT/twW9llX9W10yO1EJL7E8Pl+55em2F7UULhGgnJWxSfHPDPXpuhfF/IXn16QvLk4Y2pYgEjJCe6i5LAtLM4U3hJBlvvCy0kUn6O8NYB3syNU5qB6C+tHPxP+SaWAkzpiMH5wh4heabwEq93xWUI2uYLW0Ly/jzhJYflXKF1LfOFLSEZnim8NMBKt61lvrAhkcKzhZdojFn0SFM9H3W+8NKXnFmP1EBI3p4vvI3m/YAeqXTwP+2+17BNs+qRyoTkife9vX3wk57VU/xxWkIyO2t4qTm9EEUDHyUSkucNb0xcRzTdtlBzX0iX5i06M1ymGm65L5QJyf25wxtv22ZL8b7QQEhO0dnx4ofm1lX1x9EQkt/Oj5dO7Uj2wrI/jnjwvzv7aiMlbSFGUfDHqXodkpfIA7xEWFVi9SLTfGG4j33Au83Fdp4oMM4XznxIB5oQIqsHxflCsRMp/I68wAv+kXd8VMRFPfl8ocSkeJEOpATnmvnCqNcgd488wYtf2ihGgeAvLXci+VB8mxJ80UYx6vRI1Q5JEPvyoP4UQNC76fImHQT1xK7PlLGpwn3h79D6+G3Ps/a+UOyQDHJ/0oHugtX7QtLYLt4XepQOnT092zxCzX2hV+lQvzJ6/oVKV1vqVTrEKFr1+7lSwYjkFnmFF7xY5gvJS+S7X3jj65z2mZrmC73ZOwibSuN8YV0qLj0Lb4wXpCCU2vlCGGy++YaX2E1sjPOFc8/SgW4q5c5tcXC9msT+PQuxcxuK/VyTlXfpS46dTT9Xj4+q5o/+hRc8T6Cej5osQ+BhPiDx0k3Qf4iq1T3yEG/8pvSvd/eFn3zEC67uuk2OpEca7n0Mb5zkOn+cOrw58BIvCqHgXyjMF956mb5x/JNOacJuvpAPcn3xEy/4nDZzz60/TvSj9IFUNySwMKsq+ksDT/GioqdHSqDPPE3f+tTJunaa+cKI8VFfvMX7WZgvpOOQBHr2GPv6EEu7To804tCBt3jrCtyI57F2OQJ9irzFCxaCHmnE+ahbj/G+NSYzTaNXjfc/sb94n3N649LxUTX0vb944+0d46PS7r4wAx7jRXO5fz36LZLJf5aWglz/gfsXfvEZb3zV+hdyPurG5/RliqDSfGHuNV5mCybOF06B13jRhdLP5fVya7quBf7si+d4PyvzhY+x38+z3M+V7j3Hu5X1HzLgOd64kPylp8hzuOBB0H8o0nvf8dK5l07/4Z++pwM1OmT8GWnvfPQe77N0X+h7eWBv5GlzX+h/eYhRIdwXel8eqNFs1vrjXI4A71vU+EsHwacR4L2a8PnCuqh5Xx7IDmLS+EsHF/sR4N1OOn0uMAK8KGjnC2fxGJ5FO184gvJASSmeD5vvI8Jbh3f1bQzpAK4aPmr+OIr8fc65HumP/SjwbvOQ8mebEIwCL8r5feHdOPDGkN8XztAo4IIXfl94Pxa83B/ndiR4f3L+4ctI8H7meP82juUW/5fxJdnjSPA+8/juR4J3y/GOpPzGaGR4Y8ZHTdFY4vuD8lG3Y8ELFptx4X0jfNSI8L5QvP8aDd5r2r/+77GUBzIsUMd3LK830gYxKrwxHW4I9+PBSz1BwLjwXowHL6L8Qzyeh07ujQcuuqjxjuR0TAvag1/zsMN4C+8m9Own5JHFl+C9HBneT+PBiwne7yOK7+c0CL+N6H3x95Hhvarz4XFE+fC/NEi/AzwStBhdE+XE2aH+1RjQHlY56+eavPqOGGOULNr5wjT9SmKM/EUbU3cNQY80m6zJN+HjJpJYTF6wJmVhvjAMovUrwNi/tE12oV6PtLxZ1mnhUZCJIcVhGZatqquo/7CiU3uZN0EmeZDs5mEp2LmI+g9M84h0Ta1f8bkhEwfPZLegctqyvbDkj8NMbYp0cojPGWWSk7Qg6PRI074eaV3g7pbMWvUcOVtXr2UhWAMZ9EgjyScsLO+IteppM4N+2mEVlkIUoUGPNAoknzAi5FaWd2vuYHuK5UUCe1gVZZ7rbKak/nXRZj2TXLbTsl5/JJv/IGZAq2iy+5He0J+5ajNl1yPNZLlwWj3WBxpnjMGfCCuLK/mgO9gzSOr74wTVhimdM3+cCop2LivIdCCLLK+XILMK/j2hRuz7T+o3AsGWq7aa9Ue3di7CfCHpMGE2nhQgm3+64GW5mYZi4okpWYOHxt8YvDPWCLGg1jWLhZVsXyDpO91sLgQ33A2PIkVFMDbzkATTRcoGn6heIiS+s/RHwobrgydWXlIy0pXl1bwi+QFaFyfgnKXc9YmZVsEwLdlGJqMBrT/6gpdTMmXMoph2UYy4nw//ZSoGlMFNyXcFYfDE6wvrDg0K9o/mNepD0hRNlihyqqAmlsxvOk5qnLsldQKrq0Bdk1hAUxpQyANKPjpiOpNNFCPmgtLq99E/YXjZALX4JYmv/GXzp2WakTW8CDbL5ZqAPySJEtTXV/Lbux3x/1oRA8+Cv1B7nwvlLyPpy6j5n/8P6vERrXTt9ZIAAAAASUVORK5CYII=
12	test2	test2	test2	a665a45920422f9d417e4867efdc4fb8a04a1f3fff1fa07e998e86f7f7a27ae3	test2@test2.com	0	\N	\N	iVBORw0KGgoAAAANSUhEUgAAAV4AAAFeBAMAAAA/BWopAAAAGFBMVEXn5+dUWFn////19fXb29vi4uJFSUqWmJlAL7LBAAAcTElEQVR42rScTXPbOBKGEUrYXMPMDH1VSHt8dUh5c1VsKnNFxdQPUFXGvibOlv33F0A3PgmAlAUqFzOS4daL7gb6YYOkhteGwOv8y9t/Xn+V4vX62j9kHVle2u8wZl9S592D/Xv8g9bllbygVLzz+qt6fDxKex/5Dxev35uOv8esoSh1THCHgivq2HsY2dtIE+gBLlthETkciDC/gQ8emPw2DYx64H+UEgpX9Q1/i4pRt6/c2NJ+cZNf++6Wf57AwGIoccVwqM2B8ZGYGUp8m8PBWMXEn4YrYRX82ErTD2Bv20oV+MfEqGAvlfKSplX2ChEOcNWBCith7bH0X/z/Xu87KUyHQ0kNm8YaiuBQ7Q0MzJS98kpa1bRG307+KAbiH2w6pYJ4t21BBbCwg3FumZhFiiq04nfJzT9lwFq0+H8rPlRjhuK/3YGFt8J4pobqpHscwAE6UHEAezvjD8LCDaPDHlSQs0Z7IS9pYNgrfsWnfFD2SuOHPcjbbihZ3f6KWAtu8fpwU5uhhKA41Fb4BjFDiYH7nbaXe0MvnQBVlK7RgQPIgeCNesONF2GBKmx30sK+BRVuhKBDD6N2/HdX21+PZeJVPV7cw8D1di/l7dGXwAF6BgMLM4jQTVtFuPFi1lFFZkzvhbxMq7ATNq3hqtlKTZQKMGv88/JvcBVW71+S5gqFj3e1PVSvh5LyWoLSfg+CSnvXoGLXYXBqBxBvcEXRAbY9qACadLci1/F5AhXkrA09U77UvK+O5dSrAoPlUMImPRSTM6u+uhgY3NKoaNzyYBxAyssjCgWVDrBWDrABTbQDUCmvUuF6hrlocAMOsAYHkL5EXAeg4ACNUVG4JfqStFf+eAnyrlHQrQha0tsOgGGgVWBKhctZ5oLBaijbAdYqoqS9Ul7tACCvUlEkk7rVYeBGlFahQRV6UAGSn5wO+TeuXuaZyw1+Khrbl2AoPy/tLAe4BHkH45a41IkwoE4Y6IjCWZMDWSrI1UT8xV9zzeUGX7QwlB1RVM6scgCQVzvAXkS9o2JtTHfCgLC1iagNdcOAmjD4+ljOfz3+KYZaG18SX30PDmDnJWrykqui2j9w06kTUURFlJo1MZClggqD61PM5QY/b0BePRQd5SXq5CU5s1Zekq9+X6D/4/pS4HRhYBXo/yhGgctIz7ZVedqLx1yDQ/UwFJiG6ekeZ55B/HxH+SD7C6tkmuUTVODMY2AVOF0oRoFfH9PLA379/c3L8UR7qwv86kIVruQKZx4D6x5nPqQiA3uJyFviRzkQhZkvcLowsJQKUl5GlAoPX081l3vET0igIC/VX11ue/o7nHm5uIKK4k/jKl3In6T/F7gug7y0sFTgBloqUK1C057sDegRcig5sOUAMn4K5QCQngpcRsBGKvXVpoOgME8xB4B5QhVOSWWWR/wph4K81aMDtBhYBa5IRKsodWMQOOgPYLp2ACcMgipAGLQn5gaTI8Rvy4ExooQDQHrSDgDpyVJR/OmibnH5Fhmg1Q4wJwy4vC9vMpcvc3qoIZ6X1sG8JPxhYJYDCHl5zXRvHEBE4J2jAiST9vpYvtHgZ+kAzOSlNpyXmLIKk/RKfA5KnUIJChuzWBjAYipVaN4orxC4tVOqnFk/L0HgFI2Vl4jIS0SUn1REVKvCgCXDYMAwaD+/VV7uwR/qGuR1FiYrL0nvpYG8hGBBR9TOWlj4l/PCgKow4PJW5Rkv+Op+XnIXJhrKS+J/qRNRYmb2jgOEludz5OUe8dGkVCsv0fjyTFFFtYEwC4tMcGp5pl4YwDwVb08O+HqqJ/MSDeYlAvW02VlQFVGYBwPLswjO6+NZ9j4+38CU23mJW3hvO0AoLxHc91oRRUfLMzHLM4bBmfLyFHHjbPUwL7n7Mycv4fJMYhXPeJcqIJLa9n85T16Rg6MVDyF22WCqZ4tHteOKxy38ver54du59pY/mrl1o102EF3ysmjFgxDJVM/Ndluda255LCbqRmkV9apnGiv8B7fwd1Xo3p0tL+x6ghXP2nEAp3oGwhso/K8gsNy6b61UaF7ONlfuegJ1Iw3wKFM9WzzKL/xhGemC1fP1+fJyge88IIkkJlU9C3uRSA+wcwg7AKqgwuBzDnurP6QD0BCJYeHq+VKiYFP4ExtI+oW/FQYZ3EGucdN5abDzUi3YZo2C9kDMIoU/tSFSFncQDhEHkrWXl1rNyRWPcok0YNne4VE6DD7nsbf6UI9JzDqQl4iyytgrgCQlNpAkcSCZxx2EQ6i8RJ2FKcKjmhGPshcWFl2eL4+Z7BUZYoMbMwtI0uTyPI6oKJBEFT7lspfvgiEv0WReslSkeP9tvLCElmdUIZc7lOXFiXlJ73dsxD8BJOumymbvsVVAcogDSXd5JqcBSf4dvhyz2Vv9ngaSyKMo4hNyEpDkH1x9zWjvn+tJIGlVzwx4X6DwjwFJ/sFVPvflGW09CSSd6rlWZTWbBSSFCtsqo73H3RhINg6QtKker3ORR5F5QFJUzxndVzjwFJC0qmehYg3365lT+NMIkJTV87us9n6YAJJW9SxURB7F/00W/qhCkdN9uQO3E0DS5CWhouZR04W/urtRZbX3OCYxDpBUKsLuRthLZWfDHCAJKhyz2lvd2XmJBoCkoXrU5lHTQFIMRMn7zPY+20AywaOo5lGQ+aaBpFSBfM1s78ckkHRVxPWCmYUlAiQNlmV5w40HXDMBJFVeUjwKgYqOKBYAkiY7syq7vVN5yb9fyJz7hSEgabDssM5sLt6NS+WlDlS09jvrCSBphcGXY2Z7q+cJIKn3Z4woPjkDSML6MrTX2e39YwJIutUzmwkkVTvP37n9ofwQbefpxlRP9nPNAZJQBOzrb9nt/XGTBJKAnex+Ls2jEkBSY9mX7PY+bVTF0wWApFc9H3Qb5lWi8Bd1HyTAuspu79HUjQEgCfterSKz+rlSQFJ2r/KBNmX+1/0wu50n1c/lAEnJz/gnLo/Zza3ue7/P1AKSYxVj/VxEdbXZWPZ6AXt/mtYwDSSJk5dsquf1c4WBpG6Q+7SAvX8d4kAyQPXqGUBStC/L9PFpAf/9i8SB5KjblpE5HZIYBmz13wXs5QmYxYEk9ajeafcL8y8XZSUWjLn3CxmZAyQxDFheVqIXjJs0kOwD9wsjHZLE6xN9WMReyUKjQJIG+tfTQFI3ndNdtYC9xw2Jdm7rxl2zP4OFK1X4mzKlXcLeMgkkvXaeWvdzRYGkVfc1S5h7bJsEkHSq56KtCR5kiQNJyicAq+cltg9lWSSApK0iFSpyd4gX/k2H+14sUy6X8IfqLgEkLarHLB7FEkDSqp4X2O5IexNA0m8zlEe9WApI6jBYzN4EkDQqMuRRlMQ7JG0sK9LL9SL2PieApNvO8x37lZNAUmFZcdJiOXtdINkZIIkqMqR68mvEgSRV2VmuLwvq6wDJ2gKSQPWIonokDSTduxvL2TvmUS7VY4rqyTcSQJLafaLL2RsAkoyGTgHAG3EgCZkP8+Bi9rpAsnF5lE31xvcLXSBJneV5MXtHeYlKecdUb3y/0AWSamFpF7U3mJeGvXPXdYf3NyeAJNzXRbdayl4HSDYOkHQPwzS1e8B0BCRdfPJlEXt/p4Bk7/ZzmWPBE+cLZRZZRN/y96iPgZLJ84UxIGlOhfKBtovou1vsfOG6XMTeEZCkbzhf6Bb+kEW2i9Rvex9IUr9unHW+UO4c3DCgi9RvOx9IEhufkOT5Qh9IutXzahF9yRhI2ueePaqXBpK68JdhsAgvKTdpIOmd0kwCSWbwiVhfluI7LA4kfao3PmDqAEl9/B/Wl6V4VBxIulSPkjSQNO3WsvxbgvfJG0QWkEyfe6bBI9uR5Zke/rOAvf9SF0gyGm8zdPvXx0CSqjwIxwz3S/D1Dzd2Xgqee3bvFzZxIDmY4/9yoCXuX/z27hfScV4KPf8hCCStMJDH1ZaxN3yAoRvfL5QPZ3HOF9bpczwLbHiquySQtNt5qOrnigJJv51nvcD9zdYCksQHkqOyQfGzMJCs8cEqqu5bYkG2gSQdA0lz+jtwvtAHklbhLwdaYIF7ip4vZHPPF8aP/6/yLxj/Niedew6cL7SA5Kid513ugKs+OucLPSBpU721OV8YBZKjMHif3d7nOXnJOl8I8kaApC78FZbNby8+RigKJEFFpqge8Qp/F0iOjv9nT2h4bC8OJL1uW0hYMSA54vLZE8STzksRINn4z3+AB+CEgaTi8rrbNnuC+GHyUhhIOlQP+VkUSOJTMKxu28wJQhxxSQJJr9u2RnkjQBKWZzqY5TkzkgJYnQCS3vKs+u1ZGEjCUzCoeQpGbgQh2ycTQNLrtjX7nTCQDPSJLta/TlN5SXfbKn4WBpKB2+ZZA676MQEkUT7rOXzO+UILSMYez5S3JPo4ASRj5wsDQNIp/KmunrPeg6vu0kDSOffsnS8kfiNK+IFnWVsSjzOAZOx8IZ15vvBb1tViCkiOqF4SSPphIIzP6cAfZwDJwPnCKJB0jv+jChkd+PFuBpAcRs9/iAPJULt185JxszMDSNpUj5E0kAwes/12zJZ9ZwDJIfY80hCQDLZbZ4Mm1fMkkPSpnvU80hCQtJ9HqrvarnJlNIEeZualZsSjgkByCIVB+5LNHUIdkrG85D2PNAgkg2GQ6xCGcIfIuWfneaTUqOg+jzQAJPVjee0wuHrM4w5FqEMympfU/cImCiR1GLReGGR6XkWoQ3J8/N9bnimbKPzp6Lb5Q5Yi4/HnMOeBZ147z2nnC1GMLkeGOO5CHZKxsoEh1YPzhVEgGWznYasMS0Z1sQ53SNpActzOA+cLh3jh77bzQBYpMmSI6ufgn3tm4fOFjfs80iSQjLTznB9x1ROd/SDG/1d3PW9t61jUxfGwxR1G3lI7HbYeOwzblCRkq1Jn3lrfMMoWSpr8+2P9sC3JkqxAm8j+3qK0r83hcnUtHd17jnh6pvOFlfN8IRP3XhQfllwB1xP60RZCUtvOc+R8YROFD4tWoLkjIZkp84VCo7COkGSy8VIUKLn9wblecB1JQoxmQjJjc8+c1Wv6sG0Hf6iT5Z197B2HH5gO/yAhqbB6TR+2Rf8hUNoauXjeh0oa2GaOhGQm1aVC1H/QEpLKMmiLSXb7kQCjn6kixOhUl55KrkdqISQDRZa3UU8s9ugD4SUjxZELIanUJf19oUhIQpMe6RR/JLwDQoyBqc2Qy2uYCUllGXS3ptm7Mxg8p9IAg4WQ7KVlEGgISUGWF5pled9NrSLSYQ8dCUmlLpnmC1XVfM2Y7XuVeGjtdSMkZ4HiYyHMF0a2g7/q5kGD8c4Aozl0FTyTjw2pos+lJyRl2Tepnef+PUsO7yJxZHuQkGzdPET+zEJIWrpt03fUNJAEAyceiZCMFDePo+YL5dPzZFkcP1AE0LyiGzNnQrLSzxcGtoP/VFoGZbcMjs6IOhuOIyTt84U6QtLczpMevU/D1zdMiLFyJSQrkdULoNvBv4lCIUSBLoPs61EpDLbFUYTk164uDemRMsZMjoJIn/CmJkezmSZ5H0hJhUcQkjKrx/AaCEmob7dWVDCOSGGA35hBEnQnJJu6JPBnhYGQVGR5xW5bydTmErvCfWkSwJmQVOqSwEf17guh8+vZzcIF4B1fUdCdkGzqUtH1rxdySTUtg8isgpG9Yje4DooqCiEppmWq6JEKO4tCXQbQJst7ExwwcoGbHktIzqBw66r0r7clVUNI2k1tpqtyPVAlMNp1PceVMyE5U+sSfwYISXGXCvW71BmwhRijhVOHpH2+ELrMF/JGlCFTm+zGbFiHcfKUaR0YjIQkVFi9oJsvjIYJych8em5NbdJ0rQ8xwNtdahvZthOSimoYm44dJCSF03P9D2nF84p0dogVe8iY+EXu2M/YtUNSISQ/Ml/Ix2wrA7kdlhQxRgiBmPxX/zo5PKTHdUjytDTNFwYO84VtAshuHn1TmzDYLA+vJKqYRDo5LGFZZK4dkpXsY/H++ULZzcNqahOSvzlZ0mde70ZypXN7ciQh2ZsvbPqjLIRkpHfzKHQkUsS/LMssr6g3qawhWbkRkoY2w4LrkToQkjwKsFkGmdnURqrOgdYZpnAlJDV6pNTOdZiQ5PQJJ7cvf6YmUxttSZU7t4vpSxm4EJKKzVSnR2pJAFH3r1kGa7y9cDG1aUqq3LmdTvf4OsyPqkuy/sMwISlEISzrdxlO3E1tOiVOnkuvKMbJj2iYkCwFVq/tX4dWQlKS5SXNltx8FV87m9qondt0wwySee5ASCqsHoXrRkjyZdB6xeJdXg2Z2ihKnKyk8v093i7ywE5IylHk94VyhyQckAsPJ83WEdQ5SK12jyypa9zt2vKj/QuPICTptn8qHODxrx6JlA5pSGbrblcEtg9WQlLj5jFMSBaim0chwq3P578GTs/9E89apLDwdh5ZCMn+sSEYJCSFMVsYFV9l42B2hhwytRE1JNfynpPmMBQJSagQksfOFxatm0edqTeqYyHAzGLVUUMy6x2lcbLI36dHWvV0/2BnRMLCO9EchEHykFlPzwITM9X8fZyE0uB7NKhHmmn0SNtzXyGcngPtuR3Hv8p8wBKWcA5FeguwlhAuK5GJiczj/1+Pmi8sDbwIQIcF3TQZTs8svMHN2nDAA7vISEjKrJ7AR/V5+UAwSCJpFf4FjNxCsqu/JSiSSIqURJivjaRKXWVyW10SoghN/Vx9QjK8t1AM9blnVeZaDUmSS2FZvWJsoS0XubXN0KD/oBKSlVhS7+xEL0kKdkxW73huynJyAHa7922ovyiZ9qcAOv0HGyEZlEPeq/VhPpkXPSkJEqNXMERXgWunNkNZ/wHqjUhoXQn/cqL0ksOK+pfVTxCyjdbBlgldQr1lmvvC0nZfaCUkHa8Gyak4ORzYcXO5ro/KGLuxw1wnvE9ISq/nVv9BQ0iKr+fM/ZYCYfFByPlmw0RIiq/nIAicCMkjp7IAiBF5jutHMxCSyn2hAyFZl7L4jz8AveU6QrI3XzhISAbHu3S/r+kkrMw2BpOmnyvSzRdKhGT47RRw6+c6stsYRFI/l5GQnIHTwI3Rm8t8IUUYmQ/+5f5E4Y3jpHSdLzQTkuHlyeDG+KVwmy+MzITk3f5kcOsl92SwPe/mC1t/aT0fdbLFxgJ8NWQzpe1fFw7+J1tszWtZuij5ITMxTzp/aYmQDF/RSfHWGzWJkOxdlPT0SOUXyz2OT/twW9llX9W10yO1EJL7E8Pl+55em2F7UULhGgnJWxSfHPDPXpuhfF/IXn16QvLk4Y2pYgEjJCe6i5LAtLM4U3hJBlvvCy0kUn6O8NYB3syNU5qB6C+tHPxP+SaWAkzpiMH5wh4heabwEq93xWUI2uYLW0Ly/jzhJYflXKF1LfOFLSEZnim8NMBKt61lvrAhkcKzhZdojFn0SFM9H3W+8NKXnFmP1EBI3p4vvI3m/YAeqXTwP+2+17BNs+qRyoTkife9vX3wk57VU/xxWkIyO2t4qTm9EEUDHyUSkucNb0xcRzTdtlBzX0iX5i06M1ymGm65L5QJyf25wxtv22ZL8b7QQEhO0dnx4ofm1lX1x9EQkt/Oj5dO7Uj2wrI/jnjwvzv7aiMlbSFGUfDHqXodkpfIA7xEWFVi9SLTfGG4j33Au83Fdp4oMM4XznxIB5oQIqsHxflCsRMp/I68wAv+kXd8VMRFPfl8ocSkeJEOpATnmvnCqNcgd488wYtf2ihGgeAvLXci+VB8mxJ80UYx6vRI1Q5JEPvyoP4UQNC76fImHQT1xK7PlLGpwn3h79D6+G3Ps/a+UOyQDHJ/0oHugtX7QtLYLt4XepQOnT092zxCzX2hV+lQvzJ6/oVKV1vqVTrEKFr1+7lSwYjkFnmFF7xY5gvJS+S7X3jj65z2mZrmC73ZOwibSuN8YV0qLj0Lb4wXpCCU2vlCGGy++YaX2E1sjPOFc8/SgW4q5c5tcXC9msT+PQuxcxuK/VyTlXfpS46dTT9Xj4+q5o/+hRc8T6Cej5osQ+BhPiDx0k3Qf4iq1T3yEG/8pvSvd/eFn3zEC67uuk2OpEca7n0Mb5zkOn+cOrw58BIvCqHgXyjMF956mb5x/JNOacJuvpAPcn3xEy/4nDZzz60/TvSj9IFUNySwMKsq+ksDT/GioqdHSqDPPE3f+tTJunaa+cKI8VFfvMX7WZgvpOOQBHr2GPv6EEu7To804tCBt3jrCtyI57F2OQJ9irzFCxaCHmnE+ahbj/G+NSYzTaNXjfc/sb94n3N649LxUTX0vb944+0d46PS7r4wAx7jRXO5fz36LZLJf5aWglz/gfsXfvEZb3zV+hdyPurG5/RliqDSfGHuNV5mCybOF06B13jRhdLP5fVya7quBf7si+d4PyvzhY+x38+z3M+V7j3Hu5X1HzLgOd64kPylp8hzuOBB0H8o0nvf8dK5l07/4Z++pwM1OmT8GWnvfPQe77N0X+h7eWBv5GlzX+h/eYhRIdwXel8eqNFs1vrjXI4A71vU+EsHwacR4L2a8PnCuqh5Xx7IDmLS+EsHF/sR4N1OOn0uMAK8KGjnC2fxGJ5FO184gvJASSmeD5vvI8Jbh3f1bQzpAK4aPmr+OIr8fc65HumP/SjwbvOQ8mebEIwCL8r5feHdOPDGkN8XztAo4IIXfl94Pxa83B/ndiR4f3L+4ctI8H7meP82juUW/5fxJdnjSPA+8/juR4J3y/GOpPzGaGR4Y8ZHTdFY4vuD8lG3Y8ELFptx4X0jfNSI8L5QvP8aDd5r2r/+77GUBzIsUMd3LK830gYxKrwxHW4I9+PBSz1BwLjwXowHL6L8Qzyeh07ujQcuuqjxjuR0TAvag1/zsMN4C+8m9Own5JHFl+C9HBneT+PBiwne7yOK7+c0CL+N6H3x95Hhvarz4XFE+fC/NEi/AzwStBhdE+XE2aH+1RjQHlY56+eavPqOGGOULNr5wjT9SmKM/EUbU3cNQY80m6zJN+HjJpJYTF6wJmVhvjAMovUrwNi/tE12oV6PtLxZ1mnhUZCJIcVhGZatqquo/7CiU3uZN0EmeZDs5mEp2LmI+g9M84h0Ta1f8bkhEwfPZLegctqyvbDkj8NMbYp0cojPGWWSk7Qg6PRI074eaV3g7pbMWvUcOVtXr2UhWAMZ9EgjyScsLO+IteppM4N+2mEVlkIUoUGPNAoknzAi5FaWd2vuYHuK5UUCe1gVZZ7rbKak/nXRZj2TXLbTsl5/JJv/IGZAq2iy+5He0J+5ajNl1yPNZLlwWj3WBxpnjMGfCCuLK/mgO9gzSOr74wTVhimdM3+cCop2LivIdCCLLK+XILMK/j2hRuz7T+o3AsGWq7aa9Ue3di7CfCHpMGE2nhQgm3+64GW5mYZi4okpWYOHxt8YvDPWCLGg1jWLhZVsXyDpO91sLgQ33A2PIkVFMDbzkATTRcoGn6heIiS+s/RHwobrgydWXlIy0pXl1bwi+QFaFyfgnKXc9YmZVsEwLdlGJqMBrT/6gpdTMmXMoph2UYy4nw//ZSoGlMFNyXcFYfDE6wvrDg0K9o/mNepD0hRNlihyqqAmlsxvOk5qnLsldQKrq0Bdk1hAUxpQyANKPjpiOpNNFCPmgtLq99E/YXjZALX4JYmv/GXzp2WakTW8CDbL5ZqAPySJEtTXV/Lbux3x/1oRA8+Cv1B7nwvlLyPpy6j5n/8P6vERrXTt9ZIAAAAASUVORK5CYII=
4	Georgi	Baldjiev	ssznakabulgarian	688787d8ff144c502c7f5cffaafe2cc588d86079f9de88304c26b0cb99ce91c6	gbaldjiev2004@gmail.com	0	O22KAJmUfrm2bOWJUhOOQMdesPxx0xg54DNNmd5uDrysm0NEw8xZCXMpBinTtFuc	Sofia, Bulgaria, str. Atanas Kirchev 1	/9j/4AAQSkZJRgABAQAAAQABAAD//gA7Q1JFQVRPUjogZ2QtanBlZyB2MS4wICh1c2luZyBJSkcgSlBFRyB2ODApLCBxdWFsaXR5ID0gNTAK/9sAQwAQCwwODAoQDg0OEhEQExgoGhgWFhgxIyUdKDozPTw5Mzg3QEhcTkBEV0U3OFBtUVdfYmdoZz5NcXlwZHhcZWdj/9sAQwEREhIYFRgvGhovY0I4QmNjY2NjY2NjY2NjY2NjY2NjY2NjY2NjY2NjY2NjY2NjY2NjY2NjY2NjY2NjY2NjY2Nj/8AAEQgA+gD4AwEiAAIRAQMRAf/EAB8AAAEFAQEBAQEBAAAAAAAAAAABAgMEBQYHCAkKC//EALUQAAIBAwMCBAMFBQQEAAABfQECAwAEEQUSITFBBhNRYQcicRQygZGhCCNCscEVUtHwJDNicoIJChYXGBkaJSYnKCkqNDU2Nzg5OkNERUZHSElKU1RVVldYWVpjZGVmZ2hpanN0dXZ3eHl6g4SFhoeIiYqSk5SVlpeYmZqio6Slpqeoqaqys7S1tre4ubrCw8TFxsfIycrS09TV1tfY2drh4uPk5ebn6Onq8fLz9PX29/j5+v/EAB8BAAMBAQEBAQEBAQEAAAAAAAABAgMEBQYHCAkKC//EALURAAIBAgQEAwQHBQQEAAECdwABAgMRBAUhMQYSQVEHYXETIjKBCBRCkaGxwQkjM1LwFWJy0QoWJDThJfEXGBkaJicoKSo1Njc4OTpDREVGR0hJSlNUVVZXWFlaY2RlZmdoaWpzdHV2d3h5eoKDhIWGh4iJipKTlJWWl5iZmqKjpKWmp6ipqrKztLW2t7i5usLDxMXGx8jJytLT1NXW19jZ2uLj5OXm5+jp6vLz9PX29/j5+v/aAAwDAQACEQMRAD8A4eiiigAooooAKa/WnU1utADGoFDdaUUAFDHJzQRzSd6AJBRSZqW2tri9nWG1heWRjwqDNAEeRml3Cu00z4dyyKH1K68vPPlxDJ/M1tr4B0QKAVuGPqZaAPMdwPel+hr08eA9C/55TH/tqaJPAeiMhVY5kbswlOR+dAHmI6UV3N38OxybO/YeizJn9R/hXP6n4W1bTFZ5LfzYV5MkJ3AD6daAMeigc0UCEg4ufqKtDrVWL/j6FWqBi0oJFIKKQCjrTmPakBxSE0APi6mpqhj+9U1AFae3JO6Pr3FV9jg4Kmr+8ZwKN6hgDQBVjgcnJGBRVvcpzg5xRTAyaKKKAExRS0UAJTX60+mN1oAYetApO9LQAtLHG0sixopZ2ICgdzTQa7vwF4bWUR6xcMDgnyY/ccbjQBLpHw9QBZdUnLnGfJi4A9if8K7Gw0yy06PZZ20cIPXYME/U96t0UAFFFFABRRRQAUEA9aKKAOU8S+DodQ3XOnhILrqy9Fk+vofevPbq2ns7h7e5iaKVDyrf55r22s3WtDs9ZtvKuUAcfclX7yn2P9KAPHV4uUq3jmn6zpFzo2prBcfMp5SQDhxTcH0oAbilp20ntS7D6ikAzFLTtg9acFXPegBI/v1NTQijkUpGaAI/Jz370ghUdSalAwaNo9aAGKqoTjPNFPwBRQBk0UtFMBKKKKACmsuadRQBDtIpDU+M00oKAGwxvLIscalndgqgdya9q0GxbTdHtrRyC8SAMR0z1NeY+C7dZfFFmrchSz/kpxXr1ABRRRQAUUVWu7aS42+Xdy2+OvlhefzBoAs0EgVmnRbZstcT3M//AF0nbH5AgVRlh8OQyeW0UMsn9xAZW/EDJoA3wwJ4INLXOgeHmcKqCzlz8rBGgbP1wKvrp9zgeVq9zs7ZVG/UigDTorN/s26P3tXuseyxj/2Wmvaaha/vLa9a5x96G4xhvowAwfzoAi8VaQNX0h40UG4j/eRH/aHb8a81VwVGeD3B7V6/BI0sCu8TRMRyjYJX8q8s8RWos/EN7CMbWfzF+jc/zzQBSyvvSbgO1NxS0gF3+1JvPbFJRTAcrEsMmphUA61YFIBCKTFOqMqxPLACgB2B6iim7PVqKYGZRRRQIKKKKBhRRRQAlFLSUAdp8NbSOS8vLtvvxqI19s8n+VehVxPwzjxaX0uesir+Q/8Ar121ABRRRQBXu/thVRZmEHPzGUE8e2KqNBq8nDXltEO7Rwkn9TitOqd5b3dxIFiuhbwY+bYuXJ9ieAPwoAr/ANj2zfPfzzXZH/Pd/lH/AAEYH6VahNhbLtha3iX0UhRUC6JZFg06yXLes8hcfkeP0qb+y9PHSxtv+/S/4UATskVxFhgskbDvgg1T/sOwBOyJ4gf4YpXRfyBAp0M1taXS2CReRuBeMBQEb1A9/ar1AGd/YlmDlWuVPqLmT/4qmR2lpa3CyR38wK/eSS5LhvYhif0q5fxxSWcguHZIgMuVYqcDk8jmoYtK0wxKY7G2KkAg+UORQBdDBhkEEHpiuC8d6bJDfpqS8xSgRv8A7LDp+ddUNMks5ll0wpEhP7y3b7jD1H90/pUfiq2F14dvVbqkfmKfdeR/KgDzHa3pTtjVV+0TsOqimmSY9ZPyoAueWe5o2KOrCqRDHrIx/Gk8sHqSfqaALpaJesg/OhrqEfx5+lUwi+lLtHpQBYN5F2DH8Kab3+7EahxS0CJDdyHpGB9aKjooGQ0UUUCCiiigAooooAKKKKBnoHwzkX7DfRj7wlDH6Ef/AFq7WvMvAGpfY9Za1cfJdjaD6MMkf1r02gAooooAKZPMkELyyttRAWYnsBT6gvrVL2zmtZCQkqFGI64NAGBdeLjbWYvX0q6FoxGyVmVd2enGc0uleN9K1CQRSM1rIegl6H8f8aytf0rXLvSo9LFsLkQyBkuEdV3KAQAynoeawbPwdrUd1FJNp4kjVgWQyqNw9OtAHqUsENyYndQ3lsHQ56HHX9amFZfhyyuLDSxBdbQwdmVFYsEUnhcn0rUoAgvrc3VlPbhtplRkDemRimtcW1jAiXFxFEFUDLsF6fWrNcXPY3AvNRe80WW9lmdvJnBVgiYwoAJ4xQB0EHiPSLm6FtDfxPKxwFB6n2PSrWptEumXTT48oRNuz6Yrx6DSL2LUI4poZYJRIoAZCCcsBxXrHiCKSfQL6KFS8jQsAo78UAeQr90U7FCDgVr6Loz6kxJ3CMHA29WPoP8AGgTMmjFds/hJYUDGBT9GJ/rUX9gRL/y7r+tAHG4pcV2Q0SL/AJ9o/wAqP7HjH/LrD/3wKAOMxS4rsv7KjH/LtD/37FH9noDxbQf9+1/woA43FFdl9jA/5YQD/tmP8KKNRnD0YopaAExRS9aKAG4ooooAKKKKAJLad7W5iuIjh4nDqfoa9rtLhLu1iniOUkQMD7EV4hXa+AddMUv9k3DfI+TASeh7rQB6BUMl3DHdRWzuBLKCUX1x1qasO4+bxpaBuQlm7KPQlgD+lAG5RRRQAUUUUAFFGaKAMnXL+awn05kYLDLciKUkdiDj6c1rVT1bTotV0+S0lJUPghh1UjkEVm6TqlzBdjSdWAF2B+6mA+WdR3Hv6igDeoPSig9KAPJPEduLXxHfRKML5m8AdtwB/rXY+Co1FlGQOdhb8Sx/oBXJ+K5Fk8UXpQ5AKqfqFGa7PwhEyafE5UhWiGD68mmthM27t9sePWs18nmr16elU3HSgCHHNIcUrDHWmN0oAYRTGFPJphoAjYUUrdKKQHmyqWOFBP0qX7LNjOw0+3lQYjHyep9asNJ5Q3LMCPQmgHoUvJkBGUYUwK8kmyNWdvRRmtm2gudQwQDBbkct3b6elbVppsNugEaAYp2A4t0khk8uaMo2M4pBg9CK6e5gi1UXCW6GO8tHwueCfT8DUFvFaakrR3ECpcpw4xtYGkBg7D6Um01OLMwXbxXEDSBPvBGIbH94VoNoEk1qLjT7kXER5CkYI9vrQMyNpp8MklvNHPHw8TBx9Qc1rWmi217C3lTzR3CcOj4O0+49Kz3sLxZ5oPJ3PECzEHHy+tAHstnOLq0huF+7KgcfiM1j+J1a1+y6tC22a2kVCOzo7AEGr+gnOhWH/XBP/QRUmqWtveafNBdECFl+Zs42++fagC2vIorE0C/lJl02+kDXlqcA/wDPWP8AhcVt0AFFFFAHImEX/ia9ttSv7mHYVe3hSbYjpj9ea6G+1Wx0uOM3twsIc4XOTmjUNIsNSCi8tY5tvQkcj8RzVhbaFY408pdsYwgIzgUAOMsYQMXUKehJ61zyFtY8U7wv+i6Xlcn+OUj+gra1DTrXUrfyLuFZY85APGD6io9I0m20i3eG23kO5dmdtxJ+tAF6qOtalFpWmTXcvRRhVHVmPQVePSvOvHertdagunRN+5gw0gB+8/8A9agDlwzO5dzl2JYk9ya9X8NLt0Gz/wCuQNeUL1r1vQF26LZj/pin8hT6E9SW85cCqj9at3h/eD6VUbrSGQtTD1xUrVEfagYzHNNNSGmEUAMPSihqKAPMie9amj6Y104mnQ+Sv3Qf4j/hSaNphvZfMkH7hTz/ALR9PpXXJEFwqjAFNITI/Kdbd/JUFwp2A9M44qPR7z7bab3XbKhKSrjGGFaMa9KzWjFhr/AxFfqfwkX/ABFAFF5Yf+Egsby1OY7sNE56ZI4/w/KtTUdGhviJo2MF0v3ZU/qO9YkcZXwskyr+8s7rfnuPm5/mK61WwfY0DORvY7i3niOqRshjPyXUHII9GFamn28NvO11an5ZRyqn5D749a3JYklQo6hlIwQe9cvcLceHrhisbTae5yMdYz3FAGjqGns7rqGn7VuUHzKekg9DVSe2bWLeO9sXMU6Bo5Iz191NbVlMkqKyEFWGR7iqN9E+l3v9owAmByBcxqM8f3x7ikBv+ELwXvh22bbsMS+Uy56FeK1rlFktpUcAqyEEHuMVxtjdtoN3Ncxxtc6VdnzS0PJibuceldQL2PUNKkm0+SObehCEHjOO/pQBmR6UNU0SwuFlMN7FCpiuF+8px39QfSrWk6u00rWOoIINQi+8meJB/eX1FaFhB9msIIM58uNUz64FQappNtqcaiYMsiHdHKhw8Z9QaAL1Q3hnFrIbQIZ9vyCQkLn3rGg1K50e4FnrDmSFziC9xgN/sv6H371vgg9DQBz3m+J7Ubnisb5epVCY2HsM8Uo1/UAMHw9e7h1wykfnXQUUAc//AG7qjcJ4eus/7UigVb0jVLm8nnt72wktJowGALblYH39a1aKAKGuXTWWjXdwjbXSIlSOx7frXnK+G/NjLPLKLhuS56Z/z711uvX/APajPploQYgcXM3UDB+4Pf19Ky9VvW077M4QGJ5QkjH+EUgOdXQ7p/N+zXUUrRNtZcYOfSvUNHDLpNqHXa4hUMPQ4HFcXeAaXq8d+Di1uvkmx0Ddm/z713dpj7OmOmBTWwnuV7s/vfwqscc1Ndt++NVj0oGNamE805jTTQAw000/HNMagCM0UHpRQBSs7dIIljQABRwKsqvNMjwSCKnxzVCFUYrO8Rfu7S2uR1guEYkdcdD/ADrTXis/xEu7R5P+ukf/AKGKQFS1tzcWOt2i9POfaPcgH+dPs9UC6LZOY3muJl2JFGMs5HB/lU+j/wDIT1hQOBKv/oNUPBeB4gihmziGOZIgezbhn9CaQzSbUr+zjD6lpM0EHeVXD7fcgdBWg8cV3bkHbJFIv1DA10MsSSxMjqGVgVIPQiuQurSbwwVZXabTHfG1vvW5Pv3WmIzfKudBY/I0+n7sgry8Q9x3Fb9rNFd26vG6ujDII709GSeMMuCDWLcafcabMbrSjgE5e3Y/K/09DQMJJH8PXW9ctpszfOmM+Sx7j2q2+lDzvt2i3H2W4PJA5jk/3l/wqS0vLTWrN125ONssLjlT6GpoohbKkcY2ogAUDsBSAks/EwgcW+swGxm6CQ5MT/Ru3410EU0c0YeKRXU9GU5BrGDRzoYp0VlPUMMg1mSeGYYpDLpt3c2DHn9y/wAv5UAdVc28N5bvBOgkjcYZT3rCjfUfDwEUkcl/pw+5IgzLEPQj+Ie9U/P8SacMJPb6hGP+eibG/MU4eN4oRtv9Nu4HHXYA6/nkUAb1hrGn6gP9Fu4pG7pnDD8DzV3ev94fnXC3XiXwzqEjm+tCcH924jIYjHcjkc1mXd1plxEyaRoU7s3ypNK7AA/TPP50AekTXUFvGZJpo0RerMwAFc/e+IpLwPBpUYKkbftUmQo91HU/yrG07RYbe3i+0QI1wFyxPPNGkvLcWbSSNuZZXXpjgHikOxftIRaRJCOUUdfX3p17apeWctu4BDqQM9j2NCkkc1OhyKAM7SSL3SxbXKKzxfu5UcZ5H+c12VsAIVAGBiuLvEey1GK+t0ZllIjnRRnI7N+FdpD/AKsfSmtiXuUbrmdqgNSXDZmaojQMaaZmlamE9qAA000rU0mkA1qKQ0UDKyHbJ7GreO9Vf+WmKtDpVEjlqjr/APyCX/66Rf8Aoxaujg1R1w7rKKEdZriJB/30D/SgZDoT51nWh1/er/I1nWm+yiuNRxte01B5BnjcpwGH4iuh22tglxdlUi3/ADSv64rNudKn1PRrvVL8tHCkLyW1tnHbhm9/akB3MMiyxJIpyrgMD7GqmtxxyaLfLKAU8h85/wB01Np3/IOtsf8APJf5CqHiybyPDOoOOpiK/nx/WgDmPC96ZLWOJz8wUCuhKZHPNcbomYp0C+grtYyGQH2p7oTMLUdLdbgXlk5huV/iHRh6MO4qzpupLqEbRyp5V1FxJGe3uPUVqMgYVh6vpUhcXlk5ju4h8pHRh/dNIDUGeh6ipY7jbwTkVlabqsd+DGwMV1H/AKyJuo/+tWkEDDNMZcUqwyKr3FlHNnjB9aYjNGcVaWQEZoEYs2nyRtydy9sjNZt7C1xrGm2qn/VsZ3x2C9K6qUBhiufs8HxVeZ5KQIB7DJNIaJbe8F1eXkQTAt3Cbv73FVvDqj+zmGf+Wsn/AKEafpSBdQ1UHr9oyR7FRUPhxsWTA/8APV//AEI0DNUrg0DinNyOTTQaQD1OWX610MXCD6Vzm4qCw4KjNblhI0tgkj/eZcmq6EvcpScyMfeoz0p7n5jUZNIY1qYfank5phpAIaaacaaaQxhopaKBlZhtkXPT1qyOlZlvdmZpIZo2huYTiSJ+qn1960kO5AasgdjIqhqB8zUdLi9Zmc/8BU/41fHFR+RE9wk5QGRAQregPWgZm69vvLmx0eIc3cg3n+6oIz/U/hXZahZC802ezDbBLEYwcZxkYrmdPj83xyrHkRWRI9iWx/WuxpAVbCB7XTYYJZPMeKMIz4xuwMZxXnXiPVdUv4IWmwmm3MjNCi9SFOPm/nXpzjKEe1cDeWiz/D6JxzLYyEn1BDkEfkaAMyyiubNEvsGSFf8AWJ3A9R9K66zuUmiWSJgyMMgjuKzdEYXGnKODxgiqTCXw9cF1Vn06RsnHJhJ/pT2BnWKQwoaPNVradZo1dGDBhkEHrVpXz1oEY2r6Mt5tmgYw3Uf3JR/I+1UNO1uWO4+xakvk3a8f7L+4rqyoNZ2qaPaalDsuE5H3XHDL9DQBIJlkHoacjkH2rnFtdZ0eQ9b+0HTaf3gH9a0LHVre8yqOVkX70bjDD8KBm0ACMisBENv4wm3dLi2DL+BxiteKXBAPSqeo2h/tK11LzUjit0cS7u6kUAVbf5fEuoIvRoo2I9+RVLTG8jU9Rtc8JN5g/wCBDNWtDSS7ubnVJVK/aMLGp7IOhP1qHVdEuZ9aiu7OQx7kKu4I+Ujocdx2pAa3BHSjHHSsyzvb2K6W01CzYM33ZoxlG/wrUY4pDI5eIZDnnY38jW9ZfLpcf+5WDcMPs0n+6f5Vuw/Lpaf7gquhPUoMeTTDSmm5qRgaaaUmmmgYGmmlpDSAQ0UhooGL4p0e5eeLVNOQPcRIVki/56L149xVHS7xL213qCpyQVPVSOortSM15/aKbPXdVsieVn8xfo3I/pVok1g1NkuI7eNpJXCovJJqrdXohkSKNGnuZOEhTkt/gPerdp4VlvZEudakD7TuS2jPyL/vHvSAl8IW0k0l3q86FftRCwg9RGOh/GumpFUKoAAAHpS0AB6Vyl/Z3VpD4hTywLCeFpo2yPvlfmGPwrc1u2vLrTZY7C5NvccFXHt2/GsH+1ZdQ8Iamtyuy8toninXvkDr+NAGZ4SfNmVJrfkhSaNkdQysMEEcGub8Ic25PtXTKxBpiOelgudAczWitPY9XhzzH7r7e1bllfQ3tus8Dhkb07exqfarDBFYtzocttcNd6PL9nlP3oj/AKt/w7UgN9JAOtSbgwrA0zW47iQ2t6v2W9U4MbcBvoa2RweKYWJGXtWbqOi21/8ANIpWVfuypwy/jWkreppeDQByzXV7oz+XqCtNbZ+W5QdB/tCrE1lb620MzTNLCg4RX+U/Wt50V12soZT1BrFvvC9rOS9pLJZSHqYThT9RSGaccaxRhRhVAxgdAKrXWp2dopae4jTHbdz+VYEXhG+N0hu78XFuD8ylmyRWxb+H9Otm3R20e71b5iPzoApv4jgm+Wygnum9FQgfiTUTRazf/KzxWUZ67Mu1dAIY1HAFKAOw4oAyhZrY6YYlZmAxlnOSSTXSZxpkf+6KxtSGLQ+7KP1FbEx26fGPYU+gupQpDRSVIxKQ0tIaQxKQ0uKKAGmig0UhnTk4BJriZdNuNb8SS6hpkohtWjET3DrkOw4JQd+gGelbEdpqOsLnVP8ARLVv+XWI5Zx6O3p7CtuKJIYljjUKijCqBgAVZJR0rRbXSwWiBkmf/WTScu/4+ntWjRRQBz0OqXGl397BqrPIjs0to4Xh1xnYP9oenetjTb+LUrGK7gz5cq5APUe1Go2FvqVo9tdIHjb8wfUehrnbSB/Ct1b25laXS7mQIpf70Mh6fgf8+4B1bfdNee+IIr7Tb3VjMVMOpRbYnQYG5SMKffbke9ehVU1PT7fUrOS3uV3I3THVT2I96AOE8KyKLcKpycV0g+tci9vceHdVZJMkA5YAcSL/AH19/Uf5HT2si3UKzRuGjYZBFMTLaNlsCpgaqmeCDiSVE/3mApo1KxPS8t/+/g/xoATUNKtNSjxcwhiB8rjhl+hqgkWsaSAsWNSth0VztlUfXoa0Rqdiv/L5b/8Afxf8aP7Y05Tg31v/AN/BQBWt/EVhI/lTs9pL/cuF2fr0rUhnhnUmGWOQDujA/wAqoT3+jXSbJ7m0kX0Z1NVf7E0G+IeBISexhfH8jSGbhxTSeMVht4blX5bbWL2JOy+ZnFNbw5eHj+3L0/8AA6ANvk0FQPvNXPnw1qI+7r13+JJ/rS/8I7qOBnXbo/5+tAG6TGD1NIZE9/yrFOhaqOF1yUDtmME/zqKbw9q0wAOvS49k2/yNAGlqbhoEUA8uvWti64s4h7Vyi6RLpmwzX0t08sgB35wMZ9zXU3Z/cRD2p9CepRopaKkoQ0mKWikA0ikNPxTTQMaaKU0UAdLRRRVCCiiigCpqmow6XZPd3G7y0xnaMnk4pNQsotV0+W2mztkXr0KnsfqDTtTsIdTspLS4UmN+uDgj0IrnNTuNa8MxRypcLqFmzhCJ1AdM9MsOv1IoAniv9U0BFj1ZPtdoOBdwqSy/76/1qzdeLdKt4YpEmNz52dqQLubjrkdvxqfR9bt9VVo5EMF5HxLbv95f8R71U1HwvFLdrf6XL9hvFyQ6KCrfVaAGS3Wl+KNKuViBeWNCwRhtkjbHBrltEuGsVs/MYi1vlLD0WRSVYfjgH8avzXGsad4g+1XmnNLKbZoPMtULLIc5B9u1Oj8K39to6KcXSOPMltWO1439Y27Ee/BoArapoW6+8+0sEuhJ8zNNOQAc9MAinx6fdAANoGl59z/9Y1W07xB9iuXtL6WTYv3ZGjIcezL61vW2uabcHCX0e70b5T+tMRnHT5+p8PaYfYPj+lL5Oxdr+EoGI7o8ZH6iuhWVG6MTTg6+hNIZzJUDj/hEY/8AvqP/AAqGXTp7kfufD0ds5PyyCfbt/Ba68OB0QU8Mx6CkBzgtPEs33ry3tgO0ce//ANCqQaPrEg/f6zL9I41Sug57sBThs/v5oAwf7AvcYOs3v/fQ/wAKY3h27PD61flfaTFdFlfWkLqOpFMDnD4Zmx/yF9R/7/U0aHPC3Grahn3myP5Vq6hrmn6ep8+4TcP4FOW/KsKe81XXnMdmjWFn3lkGHb6f5/GgDQ1FmL2wYg/vP6Gtm9PyIPauZi01NMa2hSR5C8hdmc5JNdFdtyo9qfQnqV6WkpakoSjFLS0gGkUmKcRSUAMIopTRQB0dFFFUAUUUyeaO3iaWZ1SNRlmY4AoAfVbULe3urOWC7VTC6kPu4GK5/UfHWnW+UtEku3HdflT8z/QVzd1qGp+Im23L+Ta54hTp+J70AO/tGzEv2J7v97ZNi01JFJwP7r+o7Z6V0mi+MLW7lFrevHBcDjcrgxv9D2+hrGttOtYotnlgjvmq9x4etpSzREJu6jFArnow2tyO9OxXl6Qavo3z2N3Mi/3Q25fyNamneO54j5eqWhft5kBx+amlcZ0muaFFqWyeFvs17FzFcIOR7H1FcrqN7q1tug13S7K4i6C4aI7T/wACUHH5CrI1S08Ra7IjX9xHZRwBkjSTytzZ5BHUn6elafh8favA5E8pcPHKCzNkgZbqaYGLb6RciAS2mn3yQyDcPsepLtI9gRUxsLxEzJY6+x9BfIf5Vv8Agw58K2Bx/AR/48aztW1E32vSaRNeDT7SJQ0jF9jz57KT0FAGb51hArLqV3rmnyAZVHmLbx/skDmoBqS2Uxmt7+9ubZAPPhugfMRSeHXPUZwPxqK9Swt7jVLWzuC0NtAtzCwk3bJgR91vxH+RWXHbXerhGmuJrllXA3ydB1xzRcDpR4gilOLO2u7s9ikZA/M083+sMv7vSAmehkuF/kKs6SjWViqTlU2j14FMm1q1Mvl2++7l/uQLvP4noKAKzyeIZRtzZwZ7jcx/wqtc2EiR+ZrGtzBP7qnyw34DrWisOuXn3Uh0+M93PmSfl0FQyWWh6ZI0+p3a3NwOpnfe34L/APWoAz7EW4O7R9ElucH5Z5MKD7gtWkNO1e6UvfXy2UWP9XbjnHux6Vnz+Kr27uBbaHaLt6AsMsffHQD61cj0HVtURP7a1FvLByYYlABHoSMf1oABbW9pNZRWshkjJZt5fcSc8nNbk5y9ZN5bQWWpWdvbRrHGiHCr9a0pGy5pvYnqFKKaKcKkoUUuKBS4oASkIp2KSgQwiilIopDOgooprfdNUBl65r9no0f79t8zD5IlPzN/gPevPNW1e91u4xM5MYPyQpnYP8T7mq2qO8utXrSOzsJSMscnGTxVvRwNzHAzSAdY6RlhJcf981tJEqJtUYpRUlVsSMUkVKjc81G1OHSgCyCCOeao3ul291kldreoq1H0qQdKT1GcpdeHbgH92FkX8jSQx65ZWUtnbySx20ud8YUHOeDzXWjrQe1TawzmbHX9b0q3S2jeNo0GFWSL7o/Cm6j4r1C6jMV1DYjjhjBvI+m7NdGyKScqD+FV3t4HlRnhjZh3KgmhMDi7e3e5c/Z4Zp2bqETA/Suj0rQ9a5KLFaA95Dub8AP611dmiqihVAHsKvfw0wOak03TLVwda1T7RIOfLlkCr/3wKsQ6zbsn2fQLE3DdMpH5cS+5JrLktoJ/F92J4Y5B8nDqD/CPWuov/wDR9IuPI/dbIm27ONvHbFMRzeoJPNN5F/ez3d2Rn7HYtsjQf7bHt9abZeEo5ZFe8VEQHIhizj8WPJ/SrXhVQdJjcgF3JLN3Y5PJ9a6Nfu0DIbKwtbGPZbQxxjvtXGat5AoqnckjOCaZJk6o4fX4Rnog/nVzOXNZVx/yGo/9wVqL1ND2DqPpwpopwqRjhThTRT+1ACUhFOooAYaKDRSA/9k=
\.


--
-- Name: storageunits address_PK; Type: CONSTRAINT; Schema: public; Owner: autostorage
--

ALTER TABLE ONLY public.storageunits
    ADD CONSTRAINT "address_PK" PRIMARY KEY (address);


--
-- Name: operations id_PK; Type: CONSTRAINT; Schema: public; Owner: autostorage
--

ALTER TABLE ONLY public.operations
    ADD CONSTRAINT "id_PK" PRIMARY KEY (id);


--
-- Name: liabilities liabilities_id_PK; Type: CONSTRAINT; Schema: public; Owner: autostorage
--

ALTER TABLE ONLY public.liabilities
    ADD CONSTRAINT "liabilities_id_PK" PRIMARY KEY (id);


--
-- Name: users user_PK; Type: CONSTRAINT; Schema: public; Owner: autostorage
--

ALTER TABLE ONLY public.users
    ADD CONSTRAINT "user_PK" PRIMARY KEY (id);


--
-- Name: SCHEMA public; Type: ACL; Schema: -; Owner: autostorage
--

REVOKE ALL ON SCHEMA public FROM postgres;
REVOKE ALL ON SCHEMA public FROM PUBLIC;
GRANT ALL ON SCHEMA public TO autostorage;
GRANT ALL ON SCHEMA public TO PUBLIC;


--
-- PostgreSQL database dump complete
--

